{
    "nodes": [
        {"dev_col": "green", "id": 0, "temp_col": "green", "y": 70, "x": 60, "tooltip": "Sin intervención", "percent": 0.295, "house_col": "green", "size": 18},
        {"dev_col": "green", "id": 3, "temp_col": "green", "y": 70, "x": 120, "tooltip": "Estimulación hogar", "percent": 0.131, "house_col": "yellow", "size": 8},
        {"dev_col": "green", "id": 6, "temp_col": "green", "y": 70, "x": 180, "tooltip": "Clínica padres", "percent": 0.049, "house_col": "red", "size": 3},
        {"dev_col": "green", "id": 1, "temp_col": "yellow", "y": 70, "x": 250, "tooltip": "Pautas de crianza", "percent": 0.016, "house_col": "green", "size": 1},
        {"dev_col": "yellow", "id": 9, "temp_col": "green", "y": 140, "x": 60, "tooltip": "Clínica niños", "percent": 0.525, "house_col": "green", "size": 32},
        {"dev_col": "yellow", "id": 12, "temp_col": "green", "y": 140, "x": 120, "tooltip": "Clínica niños<br>Estimulación hogar", "percent": 0.393, "house_col": "yellow", "size": 24},
        {"dev_col": "yellow", "id": 15, "temp_col": "green", "y": 140, "x": 180, "tooltip": "Clínica niños<br>Estimulación hogar", "percent": 0.246, "house_col": "red", "size": 15},
        {"dev_col": "yellow", "id": 10, "temp_col": "yellow", "y": 140, "x": 250, "tooltip": "Clínica niños<br>Pautas de crianza", "percent": 0.115, "house_col": "green", "size": 7},
        {"dev_col": "yellow", "id": 16, "temp_col": "yellow", "y": 140, "x": 370, "tooltip": "Clínica niños<br>Pautas de crianza<br>Estimulación hogar", "percent": 0.066, "house_col": "red", "size": 4},
        {"dev_col": "red", "id": 18, "temp_col": "green", "y": 210, "x": 60, "tooltip": "Clínica niños", "percent": 0.803, "house_col": "green", "size": 49},
        {"dev_col": "red", "id": 21, "temp_col": "green", "y": 210, "x": 120, "tooltip": "Clínica niños<br>Estimulación hogar", "percent": 1.0, "house_col": "yellow", "size": 61},
        {"dev_col": "red", "id": 24, "temp_col": "green", "y": 210, "x": 180, "tooltip": "Clínica niños<br>Estimulación hogar", "percent": 0.541, "house_col": "red", "size": 33},
        {"dev_col": "red", "id": 19, "temp_col": "yellow", "y": 210, "x": 250, "tooltip": "Clínica niños<br>Pautas de crianza", "percent": 0.131, "house_col": "green", "size": 8},
        {"dev_col": "red", "id": 22, "temp_col": "yellow", "y": 210, "x": 310, "tooltip": "Clínica niños<br>Pautas de crianza<br>Estimulación hogar", "percent": 0.115, "house_col": "yellow", "size": 7},
        {"dev_col": "red", "id": 25, "temp_col": "yellow", "y": 210, "x": 370, "tooltip": "Clínica niños<br>Clínica padres", "percent": 0.066, "house_col": "red", "size": 4}
    ],
    "links": [{"source": 0, "target": 1, "value": 19},
                {"source": 0, "target": 3, "value": 26},
                {"source": 0, "target": 9, "value": 50},
                {"source": 1, "target": 10, "value": 8},
                {"source": 3, "target": 6, "value": 11},
                {"source": 3, "target": 12, "value": 32},
                {"source": 6, "target": 15, "value": 18},
                {"source": 9, "target": 10, "value": 39},
                {"source": 9, "target": 12, "value": 56},
                {"source": 9, "target": 18, "value": 81},
                {"source": 10, "target": 19, "value": 15},
                {"source": 12, "target": 15, "value": 39},
                {"source": 12, "target": 21, "value": 85},
                {"source": 15, "target": 16, "value": 19},
                {"source": 15, "target": 24, "value": 48},
                {"source": 16, "target": 25, "value": 8},
                {"source": 18, "target": 19, "value": 57},
                {"source": 18, "target": 21, "value": 110},
                {"source": 19, "target": 22, "value": 15},
                {"source": 21, "target": 22, "value": 68},
                {"source": 21, "target": 24, "value": 94},
                {"source": 22, "target": 25, "value": 11},
                {"source": 24, "target": 25, "value": 37}]
    }