"ID","School","Teacher","ChildAge","Gender","Ethnic","BA","LC","DLS","FS"
8006,80,41,3.19,1,1,8,4,2,3
6533,65,34,4.11,1,1,0,0,0,0
3210,32,15,4.06,1,0,0,2,0,2
92408,924,73,4.06,1,1,5,0,0,0
3204,32,15,3.6,1,1,0,0,0,1
99609,996,79,3.4,1,0,4,0,0,0
91248,912,68,3.39,1,1,0,0,0,0
7288,7006,87,4.47,1,0,0,0,0,2
5131,51,25,3.77,1,0,0,2,1,0
324,3,1,3.72,1,1,2,2,0,1
91243,912,68,3.71,1,0,0,0,0,0
99616,996,79,3.64,1,0,1,0,1,0
93207,932,75,3.57,1,1,5,4,0,1
91244,912,68,3.56,1,1,5,3,1,1
99810,998,81,3.56,1,0,0,0,0,0
99601,996,79,3.55,1,0,4,0,2,0
7043,7002,84,4.97,1,1,0,0,0,0
11211,112,56,4.91,1,1,3,1,1,4
7293,7006,87,4.91,1,0,0,3,0,3
7168,7004,86,4.79,1,1,0,0,0,0
99715,997,80,4.31,1,0,0,0,0,0
99819,998,81,4.12,1,0,1,0,0,2
5134,51,25,3.92,1,0,5,5,3,4
11210,112,56,4.8,1,1,1,2,2,5
5345,53,27,3.48,0,NA,0,0,0,0
93222,932,75,3.48,0,1,0,1,0,1
99904,999,82,3.47,0,1,1,0,1,1
3201,32,15,3.45,0,1,0,2,0,0
403644,36,18,3.43,0,0,8,3,2,4
91239,912,68,3.42,0,0,0,0,1,0
90222,902,66,3.41,0,0,0,0,0,0
5716,57,30,3.4,0,1,6,2,3,0
5318,53,27,3.39,0,1,4,0,0,0
5719,57,30,3.37,0,1,0,0,0,0
92406,924,73,3.36,0,1,4,0,1,0
99906,999,82,3.35,0,0,1,1,0,0
92404,924,73,3.34,0,0,1,0,0,0
99903,999,82,3.34,0,0,0,0,1,0
3303,33,16,3.33,0,1,2,3,2,0
3303,33,16,3.33,0,1,2,3,2,0
491242,912,68,3.33,0,1,6,5,3,2
99914,999,82,3.33,0,1,3,0,1,0
3217,32,15,3.32,0,1,4,4,0,1
5703,57,30,3.32,0,1,3,2,0,0
91010,910,67,3.32,0,1,1,0,0,0
99901,999,82,3.32,0,0,7,5,4,2
6532,65,34,3.31,0,1,0,2,0,0
92016,920,70,3.3,0,0,6,1,0,1
5316,53,27,3.27,0,1,12,5,4,3
91914,919,69,3.26,0,1,0,0,0,0
99909,999,82,3.26,0,0,3,4,1,2
92423,924,73,3.24,0,1,7,4,0,1
99912,999,82,3.24,0,0,3,3,4,5
99911,999,82,3.2,0,0,1,0,0,0
8007,80,41,3.19,0,1,5,4,0,2
92005,920,70,3.18,0,1,1,4,1,1
90232,902,66,3.17,0,1,7,1,1,2
92414,924,73,3.15,0,1,1,2,0,0
91001,910,67,3.14,0,1,1,0,0,0
92007,920,70,3.14,0,1,2,5,1,1
92424,924,73,3.12,0,0,2,3,0,0
92405,924,73,3.08,0,1,4,3,0,0
93226,932,75,3.08,0,1,0,0,0,1
190,68.5,35,4.49,0,1,3,1,3,3
188,68.5,35,4.46,0,NA,1,1,1,3
195,68.5,35,4.42,0,1,3,3,5,2
373,79,39,4.31,0,1,9,1,1,1
410115,10,6,4.27,0,0,10,3,3,1
3306,33,16,4.16,0,1,11,4,5,1
3306,33,16,4.16,0,1,11,4,5,1
5349,53,27,4.16,0,0,0,0,0,0
91002,910,67,4.13,0,1,1,0,0,0
491917,919,69,4.12,0,1,7,2,3,0
5346,53,27,4.08,0,1,0,0,0,0
6541,65,34,4.08,0,1,1,0,0,1
5712,57,30,4.05,0,1,2,1,0,0
92418,924,73,4.05,0,1,0,0,0,0
8001,80,41,4.04,0,1,4,3,0,1
5709,57,30,4.02,0,1,4,2,0,0
93217,932,75,4.02,0,1,0,2,0,1
90219,902,66,4,0,1,0,0,0,0
12407,124,57,3.99,0,1,0,2,1,0
6535,65,34,3.96,0,1,0,1,0,1
92004,920,70,3.95,0,1,0,0,0,0
92705,927,74,3.95,0,1,0,0,0,1
5705,57,30,3.94,0,1,3,0,2,1
3202,32,15,3.92,0,1,5,4,5,3
92011,920,70,3.92,0,1,0,0,1,0
5303,53,27,3.91,0,1,0,0,0,0
92407,924,73,3.91,0,1,0,0,0,0
408002,80,41,3.87,0,1,4,5,0,2
3207,32,15,3.86,0,1,0,1,1,1
5704,57,30,3.85,0,1,1,3,0,2
6534,65,34,3.85,0,1,0,2,0,0
6545,65,34,3.85,0,1,0,0,1,0
92014,920,70,3.84,0,1,0,2,0,0
92409,924,73,3.84,0,1,0,0,0,0
92413,924,73,3.84,0,0,0,1,0,1
91011,910,67,3.82,0,0,1,0,1,0
5702,57,30,3.81,0,1,3,1,0,2
92422,924,73,3.8,0,1,0,1,0,0
5706,57,30,3.79,0,1,6,0,3,5
8009,80,41,3.79,0,1,2,1,1,0
5708,57,30,3.78,0,1,1,1,1,1
99907,999,82,3.78,0,0,0,0,0,0
5713,57,30,3.75,0,1,3,1,1,1
6542,65,34,3.73,0,1,0,2,1,0
92009,920,70,3.73,0,1,0,2,0,2
3212,32,15,3.71,0,1,0,4,1,3
5715,57,30,3.69,0,1,9,3,2,0
93220,932,75,3.69,0,1,6,0,1,1
3304,33,16,3.67,0,1,2,1,0,1
3304,33,16,3.67,0,1,2,1,0,1
99913,999,82,3.67,0,0,3,1,2,0
6543,65,34,3.66,0,1,2,1,1,1
92706,927,74,3.66,0,1,1,0,1,4
6544,65,34,3.65,0,1,7,5,3,1
91009,910,67,3.59,0,1,5,0,0,0
92410,924,73,3.58,0,1,2,1,1,0
92420,924,73,3.58,0,1,0,2,0,2
3211,32,15,3.56,0,1,2,2,1,0
3618,36,18,5.37,0,0,0,0,0,0
189,68.5,35,5.25,0,1,0,0,0,0
7214,7005,87,5.18,0,1,0,0,0,0
7038,7002,84,5.13,0,1,0,0,0,0
185,68.5,35,5.07,0,1,4,0,1,2
7221,7005,87,5.05,0,0,0,1,2,0
372,79,39,4.97,0,1,0,0,0,0
7218,7005,87,4.92,0,1,0,0,0,0
7210,7005,87,4.88,0,0,0,0,1,1
7233,7005,87,4.87,0,0,0,0,0,0
7212,7005,87,4.84,0,1,0,0,0,0
7092,7003,85,4.81,0,0,3,0,1,1
7235,7005,87,4.59,0,1,1,0,0,2
93212,932,75,3.49,0,1,1,0,1,0
5339,53,27,3.48,0,1,4,0,0,0
5341,53,27,3.47,0,1,4,0,0,0
5628,56,29,3.47,0,1,3,4,2,2
8269,82,44,3.47,0,1,4,1,0,0
490219,90,49,3.47,0,0,4,5,4,3
90205,902,66,3.47,0,1,0,0,0,0
91233,912,68,3.47,0,1,0,0,2,0
327,3,1,3.46,0,1,3,2,0,0
5612,56,29,3.46,0,1,0,0,0,0
8246,82,44,3.46,0,1,0,1,0,1
99615,996,79,3.46,0,0,4,0,1,0
99618,996,79,3.45,0,0,1,1,1,0
5157,51,25,3.44,0,1,0,1,0,0
5162,51,25,3.44,0,0,0,4,1,1
5307,53,27,3.44,0,1,0,0,0,0
6202,62,33,3.44,0,1,3,0,1,0
5144,51,25,3.42,0,1,0,3,0,1
99607,996,79,3.42,0,0,3,1,0,0
403633,36,18,3.41,0,0,2,5,2,2
8256,82,44,3.41,0,0,1,5,1,1
9608,96,53,3.41,0,1,0,0,0,0
90210,902,66,3.41,0,1,3,1,3,1
91231,912,68,3.41,0,1,0,0,0,0
91903,919,69,3.41,0,1,0,2,0,0
91205,912,68,3.39,0,1,0,0,0,0
91217,912,68,3.39,0,0,0,1,0,0
3631,36,18,3.38,0,0,1,4,0,2
8250,82,44,3.38,0,0,1,0,0,0
8265,82,44,3.38,0,0,3,6,2,2
91222,912,68,3.38,0,1,0,1,0,0
91232,912,68,3.38,0,1,0,0,1,0
91906,919,69,3.38,0,1,0,1,0,0
339,3,1,3.36,0,1,1,3,0,0
808,8,3,3.36,0,0,3,3,3,2
91204,912,68,3.36,0,1,2,0,0,0
9610,96,53,3.35,0,1,0,0,0,0
93210,932,75,3.35,0,1,1,1,0,1
5629,56,29,3.34,0,1,4,3,2,0
91229,912,68,3.34,0,1,0,0,1,0
802,8,3,3.33,0,1,5,2,2,0
3632,36,18,3.33,0,0,0,0,1,2
314,3,1,3.32,0,1,10,3,4,1
12427,124,57,3.32,0,1,12,2,5,1
823,8,3,3.3,0,0,7,1,3,0
4710,47,23,3.3,0,1,1,1,0,1
4710,47,23,3.3,0,1,1,1,0,1
333,3,1,3.28,0,1,0,1,0,0
8241,82,44,3.28,0,1,3,4,2,1
12411,124,57,3.28,0,1,0,2,1,1
4703,47,23,3.27,0,1,0,0,0,0
4703,47,23,3.27,0,1,0,0,0,0
5626,56,29,3.27,0,1,4,1,1,1
90207,902,66,3.27,0,0,0,0,0,0
4519,45,22,3.26,0,1,2,1,2,0
5331,53,27,3.26,0,1,0,2,0,0
5617,56,29,3.26,0,1,0,0,0,0
93213,932,75,3.26,0,1,5,0,1,0
5325,53,27,3.25,0,1,4,3,2,1
91203,912,68,3.25,0,1,1,1,0,0
6201,62,33,3.24,0,1,0,0,1,0
12428,124,57,3.24,0,1,8,4,0,0
91202,912,68,3.24,0,1,0,0,0,0
826,8,3,3.23,0,1,2,0,1,0
91249,912,68,3.23,0,1,0,0,0,0
92702,927,74,3.23,0,0,10,2,4,2
807,8,3,3.22,0,1,3,0,1,0
819,8,3,3.22,0,1,2,1,2,1
91902,919,69,3.22,0,1,0,1,0,0
91218,912,68,3.21,0,1,3,2,0,0
408240,82,44,3.2,0,1,2,6,1,1
9604,96,53,3.19,0,1,0,0,0,0
12424,124,57,3.19,0,1,2,1,0,0
91226,912,68,3.16,0,1,0,0,0,0
8257,82,44,3.1,0,0,2,5,1,1
90214,902,66,3.08,0,1,0,2,0,0
91237,912,68,2.9,0,1,0,0,0,0
92211,922,71,2.65,0,1,0,3,1,1
92307,923,72,2.59,0,1,5,4,3,2
92317,923,72,2.52,0,1,1,2,0,0
92318,923,72,2.52,0,1,0,1,1,0
915,40,19,4.49,0,1,0,0,0,1
945,81,43,4.49,0,1,0,0,0,0
12526,125,58,4.49,0,1,1,1,0,0
659,570,636,4.49,0,1,9,2,2,4
771,820,65,4.49,0,1,0,0,0,0
500,960,76,4.49,0,1,0,1,0,0
7403,7008,89,4.49,0,1,0,0,0,0
3623,36,18,4.48,0,0,1,0,0,0
362,78.5,39,4.48,0,1,0,0,0,0
400023,7001,83,4.48,0,1,3,3,1,0
7079,7002,84,4.48,0,1,0,1,0,0
7157,7004,86,4.48,0,1,3,4,2,1
7345,7007,88,4.48,0,0,0,0,0,0
949,81,43,4.47,0,1,0,1,0,0
405,820,64,4.47,0,0,0,0,0,0
769,820,65,4.47,0,1,0,1,0,0
7003,7001,83,4.47,0,1,3,2,4,2
7322,7006,87,4.47,0,0,0,1,0,0
12,9.5,5,4.46,0,1,0,0,0,0
198,68.75,35,4.46,0,1,6,0,2,0
495,95,52,4.46,0,1,1,0,0,0
732,43.5,21,4.45,0,1,2,3,0,1
173,60,32,4.45,0,0,0,0,0,0
7142,7003,85,4.45,0,1,2,3,0,0
7147,7004,86,4.45,0,1,2,2,0,1
7362,7007,88,4.45,0,0,2,2,0,1
781,88,47,4.44,0,1,0,0,0,1
555,91.5,51,4.44,0,1,0,0,0,0
517,960,76,4.44,0,1,0,0,0,0
98,22.5,12,4.43,0,1,6,0,2,0
11204,112,56,4.43,0,0,2,0,0,3
7155,7004,86,4.43,0,1,2,1,1,1
27,12,7,4.42,0,1,3,2,3,0
27826,27,13,4.42,0,1,1,2,2,0
181,60,32,4.42,0,1,0,0,2,0
446,84,45,4.42,0,1,0,0,0,0
7281,7006,87,4.42,0,1,1,3,0,1
7344,7007,88,4.42,0,0,3,2,1,1
374,79,39,4.41,0,1,0,0,0,0
7098,7003,85,4.41,0,1,3,2,0,1
7117,7003,85,4.41,0,0,2,3,2,2
7145,7003,85,4.41,0,0,0,1,0,0
34,12,7,4.4,0,1,2,3,4,3
48,12,7,4.4,0,1,1,0,0,0
5108,51,25,4.4,0,0,0,0,0,0
470103,70,37,4.4,0,0,8,6,5,3
7034,7002,84,4.4,0,1,1,0,0,0
10,9,4,4.39,0,1,11,1,1,0
470,87,46,4.39,0,1,0,0,0,0
89806,89,48,4.39,0,1,0,0,0,0
400115,100,55,4.39,0,0,6,4,3,1
105,333,59,4.39,0,1,1,3,2,1
7042,7002,84,4.39,0,1,0,0,0,0
7164,7004,86,4.39,0,0,2,3,1,1
7251,7006,87,4.39,0,0,2,1,0,1
7259,7006,87,4.39,0,1,1,0,0,0
923,40,19,4.38,0,1,0,0,0,0
5122,51,25,4.38,0,0,0,0,0,2
450,84,45,4.38,0,1,0,0,0,0
756,43.75,21,4.37,0,1,0,0,0,0
359,78.5,39,4.37,0,1,0,1,0,0
454,84,45,4.37,0,1,2,0,1,2
400563,91,50,4.37,0,1,7,2,2,0
663,570,63,4.37,0,1,3,1,1,0
7137,7003,85,4.37,0,1,1,1,3,0
7200,7004,86,4.37,0,1,0,0,0,0
7407,7008,89,4.37,0,0,1,2,0,3
145,59,31,4.36,0,1,0,1,1,1
6507,65,34,4.36,0,1,2,0,1,0
703,450,60,4.36,0,1,0,0,0,0
464,87,46,4.35,0,1,3,0,0,0
617,960,77,4.35,0,1,8,0,2,1
7075,7002,84,4.35,0,1,5,0,0,0
7317,7006,87,4.35,0,0,4,2,1,0
400063,19,9,4.34,0,1,1,1,0,0
925,40,19,4.34,0,1,0,0,0,0
5133,51,25,4.34,0,0,0,0,0,1
135,53.5,28,4.34,0,1,0,0,0,0
69330,69,36,4.34,0,1,4,3,3,3
931,81,43,4.34,0,1,0,0,0,0
590,88.5,48,4.34,0,1,3,0,0,0
598,88.5,48,4.34,0,1,0,0,0,0
490607,90,49,4.34,0,1,2,1,2,0
767,820,65,4.34,0,1,0,0,0,0
99704,997,80,4.34,0,0,0,0,0,0
7189,7004,86,4.34,0,1,0,0,0,0
7307,7006,87,4.34,0,1,3,3,1,2
27833,27,13,4.33,0,1,2,0,0,0
69331,69,36,4.33,0,1,8,0,3,4
69332,69,36,4.33,0,1,1,0,1,3
353,78.5,39,4.33,0,1,4,1,1,3
12401,124,57,4.33,0,1,5,2,0,0
407,820,64,4.33,0,1,0,0,0,0
99706,997,80,4.33,0,0,0,0,0,0
7151,7004,86,4.33,0,NA,1,0,1,0
7201,7004,86,4.33,0,1,2,5,4,3
7206,7004,86,4.33,0,1,0,2,0,0
7334,7007,88,4.33,0,0,0,1,0,1
465,87,46,4.32,0,1,9,0,2,1
712,333,59,4.32,0,1,11,0,3,0
7076,7002,84,4.32,0,1,9,4,3,2
522,960,76,4.31,0,1,0,0,0,0
99714,997,80,4.31,0,0,6,1,2,0
7074,7002,84,4.31,0,1,0,1,0,0
7252,7006,87,4.31,0,0,1,0,1,1
11,9.5,5,4.3,0,1,0,0,0,0
35,12,7,4.3,0,1,2,5,2,2
553,91.5,51,4.3,0,1,6,0,2,1
12421,124,57,4.3,0,1,1,0,0,2
421,820,64,4.3,0,1,0,2,0,1
7194,7004,86,4.3,0,1,2,3,2,1
7271,7006,87,4.3,0,0,0,3,0,1
918,40,19,4.29,0,1,0,1,0,0
943,81,43,4.29,0,1,0,0,0,0
8232,82,44,4.29,0,0,0,0,0,0
780,88,47,4.29,0,1,0,1,1,3
775,820,65,4.29,0,1,0,0,0,0
502,960,76,4.29,0,1,1,0,0,0
876,4.5,2,4.28,0,1,4,1,5,0
27830,27,13,4.28,0,1,0,0,0,0
757,43.75,21,4.28,0,1,2,2,2,0
906,50.75,25,4.28,0,1,6,2,3,3
158,60,32,4.28,0,1,8,6,4,3
400473,87,46,4.28,0,1,4,2,2,0
89805,89,48,4.28,0,1,0,0,1,0
12416,124,57,4.28,0,1,8,0,0,0
400875,505,61,4.28,0,1,5,4,2,6
99721,997,80,4.28,0,0,2,0,1,0
758,43.75,21,4.27,0,1,0,0,1,0
5135,51,25,4.27,0,0,0,2,1,3
69334,69,36,4.27,0,1,7,3,3,2
471,87,46,4.27,0,1,9,0,2,0
568,91,50,4.27,0,1,2,0,0,1
685,570,63,4.27,0,1,0,0,0,0
7068,7002,84,4.27,0,1,1,2,1,1
23,12,7,4.26,0,1,0,0,0,1
27825,27,13,4.25,0,1,0,0,0,0
6502,65,34,4.25,0,1,11,0,2,1
7360,7007,88,4.25,0,1,7,3,3,1
8228,82,44,4.24,0,1,1,2,0,0
99806,998,81,4.24,0,0,0,1,0,3
7086,7002,84,4.24,0,1,0,0,0,1
480302,80,42,4.23,0,0,3,6,5,5
99702,997,80,4.23,0,0,1,0,0,0
7030,7001,83,4.23,0,1,4,2,1,1
7069,7002,84,4.23,0,1,0,0,0,0
7121,7003,85,4.21,0,1,1,1,0,0
7311,7006,87,4.21,0,0,2,3,1,1
12408,124,57,4.2,0,1,0,0,0,0
7025,7001,83,4.2,0,1,2,3,1,2
7031,7002,84,4.19,0,1,0,0,0,0
7118,7003,85,4.19,0,0,7,2,2,1
5127,51,25,4.18,0,0,0,0,0,1
5312,53,27,4.18,0,1,10,0,0,0
8237,82,44,4.18,0,0,0,0,0,0
7324,7007,88,4.18,0,0,10,5,3,1
7402,7008,89,4.18,0,0,0,2,1,0
92218,922,71,4.17,0,1,1,0,0,0
7070,7002,84,4.17,0,1,7,1,1,1
5132,51,25,4.16,0,1,0,2,0,0
406209,62,33,4.16,0,1,5,2,2,0
8267,82,44,4.16,0,0,0,0,0,1
90203,902,66,4.15,0,1,0,1,0,1
99804,998,81,4.15,0,0,0,0,0,0
7085,7002,84,4.15,0,1,8,1,1,0
611,960,77,4.14,0,0,4,2,1,2
7017,7001,83,4.14,0,0,3,5,4,2
5611,56,29,4.13,0,1,0,0,0,0
490505,90,49,4.12,0,0,2,1,1,0
90206,902,66,4.12,0,1,2,0,0,0
405301,53,27,4.1,0,1,1,4,5,2
91227,912,68,4.08,0,1,0,0,0,0
99808,998,81,4.08,0,0,1,0,0,0
302,3,1,4.07,0,1,8,0,0,0
5322,53,27,4.07,0,1,0,0,0,0
8266,82,44,4.07,0,0,0,0,0,0
90201,902,66,4.07,0,1,0,0,0,0
90208,902,66,4.07,0,1,0,2,0,1
99811,998,81,4.07,0,0,1,0,0,0
307,3,1,4.06,0,1,9,2,1,2
406208,62,33,4.05,0,1,0,0,0,0
91245,912,68,4.05,0,1,1,3,1,0
91236,912,68,4.04,0,1,0,0,0,0
91246,912,68,4.04,0,1,0,0,0,0
99805,998,81,4.04,0,0,0,0,0,0
5125,51,25,4.02,0,0,1,4,1,2
824,8,3,4.01,0,1,2,2,3,3
3634,36,18,4.01,0,0,5,2,4,2
8242,82,44,4.01,0,1,4,1,0,2
8243,82,44,4.01,0,1,4,1,0,2
8245,82,44,4.01,0,1,4,0,0,1
90236,902,66,4.01,0,1,3,0,0,0
90233,902,66,4,0,1,1,0,0,0
92704,927,74,3.99,0,1,1,0,0,1
5623,56,29,3.98,0,1,0,1,0,4
6210,62,33,3.98,0,0,0,0,1,0
99825,998,81,3.98,0,0,0,0,0,0
8268,82,44,3.97,0,1,0,0,0,1
91911,919,69,3.97,0,1,0,0,0,0
99509,995,78,3.97,0,1,2,0,1,2
99803,998,81,3.97,0,0,2,0,0,0
804,8,3,3.95,0,1,0,0,1,0
92216,922,71,3.95,0,1,0,0,0,0
93202,932,75,3.94,0,1,0,2,1,2
5118,51,25,3.93,0,0,1,3,1,1
8231,82,44,3.93,0,0,0,0,0,0
12433,124,57,3.93,0,1,9,2,1,0
91240,912,68,3.93,0,1,0,0,0,0
810,8,3,3.92,0,1,0,0,0,0
4504,45,22,3.92,0,1,6,0,0,0
4711,47,23,3.92,0,1,4,2,1,4
4711,47,23,3.92,0,1,4,2,1,4
5614,56,29,3.92,0,1,1,0,0,3
91904,919,69,3.92,0,1,0,0,0,0
91905,919,69,3.92,0,1,3,0,0,0
5151,51,25,3.91,0,0,0,4,1,1
12419,124,57,3.91,0,1,2,3,1,0
817,8,3,3.9,0,1,1,0,0,0
4516,45,22,3.9,0,1,9,0,0,2
8251,82,44,3.89,0,1,0,0,0,2
91247,912,68,3.88,0,1,0,0,0,0
5121,51,25,3.87,0,0,0,1,0,1
99510,995,78,3.87,0,0,1,1,2,0
5158,51,25,3.86,0,1,1,0,0,0
5302,53,27,3.86,0,1,0,0,0,1
93204,932,75,3.86,0,1,0,0,0,0
5321,53,27,3.85,0,0,2,1,0,1
5627,56,29,3.85,0,1,2,2,0,0
9605,96,53,3.85,0,0,4,0,0,0
12404,124,57,3.84,0,1,0,2,0,0
93205,932,75,3.84,0,1,0,1,0,1
5126,51,25,3.83,0,0,7,4,3,3
5350,53,27,3.83,0,1,0,1,0,0
99506,995,78,3.83,0,0,1,0,1,0
91201,912,68,3.82,0,1,0,0,0,0
91907,919,69,3.82,0,1,0,0,0,0
99521,995,78,3.82,0,NA,0,1,2,2
805,8,3,3.81,0,1,0,0,0,1
99611,996,79,3.81,0,0,1,0,0,0
4701,47,23,3.8,0,1,1,0,0,2
4701,47,23,3.8,0,1,1,0,0,2
8210,82,44,3.8,0,1,3,3,0,3
5139,51,25,3.79,0,0,0,3,0,0
322,3,1,3.77,0,1,0,1,0,0
803,8,3,3.77,0,1,0,0,0,0
5348,53,27,3.77,0,1,1,0,0,0
8252,82,44,3.77,0,1,3,4,1,4
3641,36,18,3.76,0,0,0,0,0,1
5625,56,29,3.76,0,1,4,3,1,2
821,8,3,3.75,0,1,1,0,0,0
90229,902,66,3.75,0,1,1,0,0,1
5138,51,25,3.71,0,0,0,1,0,2
499620,996,79,3.71,0,0,2,3,2,1
336,3,1,3.7,0,1,0,2,1,0
5306,53,27,3.7,0,1,2,1,0,0
4525,45,22,3.69,0,1,6,1,1,0
5610,56,29,3.69,0,1,9,5,2,3
334,3,1,3.68,0,0,4,2,0,0
99522,995,78,3.68,0,0,6,3,3,3
91219,912,68,3.67,0,1,1,2,1,1
5313,53,27,3.66,0,1,1,0,0,0
93201,932,75,3.65,0,1,1,2,0,1
5161,51,25,3.64,0,1,0,0,1,1
8208,82,44,3.62,0,0,4,3,1,4
813,8,3,3.6,0,1,7,0,4,0
5150,51,25,3.59,0,1,0,0,0,0
91220,912,68,3.59,0,1,0,0,0,0
3635,36,18,3.58,0,0,0,0,0,1
4517,45,22,3.58,0,0,6,5,4,3
4524,45,22,3.58,0,1,0,2,0,1
5156,51,25,3.58,0,0,6,5,4,3
818,8,3,3.57,0,1,1,0,0,0
4514,45,22,3.57,0,1,1,0,0,0
5337,53,27,3.56,0,1,0,0,0,1
5332,53,27,3.55,0,1,0,0,0,0
8205,82,44,3.55,0,1,3,5,3,3
91234,912,68,3.55,0,1,1,0,0,0
490215,902,66,3.54,0,1,4,3,5,0
4702,47,23,3.51,0,1,10,4,3,3
4702,47,23,3.51,0,1,10,4,3,3
5604,56,29,3.51,0,1,1,5,1,1
5622,56,29,3.51,0,1,8,0,0,0
91235,912,68,3.51,0,1,0,0,0,0
8259,82,44,3.5,0,0,0,2,0,1
9607,96,53,3.5,0,1,0,1,0,0
11203,112,56,5.38,0,0,6,1,1,2
5105,51,25,5.36,0,1,0,0,0,0
5109,51,25,5.34,0,1,6,0,0,0
8215,82,44,5.34,0,1,1,0,0,0
12520,125,58,5.34,0,1,0,0,0,0
3603,36,18,5.3,0,0,0,0,0,0
544,91.5,51,5.3,0,1,2,2,2,1
12527,125,58,5.3,0,1,0,0,0,0
8216,82,44,5.28,0,1,1,0,0,0
3601,36,18,5.27,0,0,0,0,0,0
51,19,9,5.25,0,1,2,0,0,1
419,820,64,5.25,0,1,0,0,0,0
410321,10,6,5.24,0,0,10,4,5,4
49,12,7,5.24,0,1,0,0,0,0
643,41,20,5.24,0,1,0,0,0,0
8223,82,44,5.24,0,1,1,0,0,0
899,51,25,5.23,0,1,8,0,0,0
386,79,39,5.23,0,1,0,0,0,0
400355,79,39,5.23,0,1,0,0,0,0
481,95,52,5.23,0,1,0,0,0,0
741,43.5,21,5.22,0,1,1,0,0,1
546,91.5,51,5.22,0,1,0,0,0,0
726,333,59,5.22,0,1,1,0,0,0
20,9.5,5,5.2,0,1,0,0,0,0
21,9.5,5,5.2,0,1,0,0,0,0
745,43.75,21,5.2,0,1,1,0,1,0
713,333,59,5.2,0,1,1,0,2,0
695,570,63,5.2,0,1,0,0,1,0
625,960,77,5.2,0,1,0,0,2,1
5112,51,25,5.19,0,1,0,0,0,0
128,53.5,28,5.19,0,1,4,1,2,1
706,450,60,5.19,0,1,3,2,0,0
411,820,64,5.18,0,1,5,0,0,1
412,820,64,5.18,0,1,0,0,0,0
31,12,7,5.17,0,1,0,0,0,0
179,60,32,5.17,0,1,0,0,0,0
490805,90,49,5.17,0,1,10,3,1,1
11215,112,56,5.17,0,0,1,0,0,1
12524,125,58,5.17,0,1,0,0,0,0
7320,7006,87,5.17,0,0,0,3,0,1
3622,36,18,5.16,0,0,0,0,0,0
169,60,32,5.16,0,1,0,0,0,1
178,60,32,5.16,0,1,0,0,0,0
398,79,39,5.16,0,1,2,0,0,0
12522,125,58,5.16,0,1,0,0,0,0
620,960,77,5.16,0,1,1,0,0,0
7318,7006,87,5.16,0,0,0,2,0,1
7355,7007,88,5.16,0,1,0,2,0,0
420114,20,10,5.15,0,0,4,2,3,1
909,50.75,25,5.15,0,1,2,0,1,0
400567,91,50,5.15,0,1,8,4,4,1
618,960,77,5.15,0,1,5,1,1,3
635,960,77,5.15,0,1,1,0,0,0
3624,36,18,5.14,0,0,2,0,0,0
168,60,32,5.14,0,1,0,0,0,0
11225,112,56,5.14,0,0,3,2,2,2
120,530,62,5.14,0,1,0,0,0,0
3607,36,18,5.13,0,0,10,0,0,2
893,51,25,5.13,0,1,4,0,1,0
6518,65,34,5.13,0,1,1,0,0,0
209,69,35,5.13,0,1,7,0,1,1
400208,69,35,5.13,0,1,9,5,5,4
444,84,45,5.13,0,1,0,1,1,1
7289,7006,87,5.13,0,0,0,0,0,1
82,22,11,5.12,0,1,2,1,0,3
143,59,31,5.12,0,1,0,0,0,0
588,91,50,5.12,0,1,0,1,0,0
11202,112,56,5.12,0,0,0,0,0,0
7191,7004,86,5.12,0,1,0,0,0,0
87,22.5,12,5.11,0,1,6,3,4,2
129,53.5,28,5.11,0,1,0,0,0,0
6510,65,34,5.11,0,1,0,0,0,0
718,333,59,5.11,0,1,1,1,1,0
720,333,59,5.11,0,1,2,0,1,0
7004,7001,83,5.11,0,1,0,0,0,0
7040,7002,84,5.11,0,1,0,0,0,0
3606,36,18,5.1,0,0,0,1,1,0
881,51,25,5.1,0,1,3,0,1,1
882,51,25,5.1,0,1,11,0,1,0
159,60,32,5.1,0,1,0,0,0,1
211,69,35,5.1,0,1,2,0,0,1
7014,7001,83,5.1,0,1,1,0,1,0
449,84,45,5.09,0,1,0,0,0,0
7011,7001,83,5.09,0,1,0,0,1,1
5102,51,25,5.08,0,0,0,0,0,1
6501,65,34,5.08,0,1,1,0,0,0
480,95,52,5.08,0,1,0,0,0,1
98812,98,54,5.08,0,1,3,2,3,6
7163,7004,86,5.08,0,0,1,0,0,1
11207,112,56,5.07,0,1,2,0,2,1
114,530,62,5.07,0,1,0,0,0,0
7039,7002,84,5.07,0,0,0,0,0,0
883,51,25,5.06,0,1,0,0,1,1
351,78.5,39,5.06,0,1,0,0,0,1
132,53.5,28,5.05,0,1,0,0,0,0
488,95,52,5.05,0,1,1,1,3,0
505,960,76,5.05,0,1,4,1,2,0
506,960,76,5.05,0,1,0,0,0,0
7336,7007,88,5.05,0,0,1,3,0,1
443,84,45,5.04,0,1,0,1,0,0
7315,7006,87,5.04,0,0,0,0,1,0
27838,27,13,5.03,0,1,0,0,0,0
27842,27,13,5.03,0,0,1,0,0,0
885,51,25,5.03,0,1,7,1,1,1
6524,65,34,5.03,0,1,1,0,0,0
98814,98,54,5.03,0,1,1,0,1,0
622,960,77,5.03,0,1,4,0,0,0
7029,7001,83,5.03,0,1,1,1,0,1
4,9,4,5.02,0,1,0,0,0,0
136,53.5,28,5.02,0,1,5,0,1,0
6505,65,34,5.02,0,1,0,0,0,1
204,68.75,35,5.02,0,1,3,0,1,0
112,333,59,5.02,0,1,3,3,2,1
7106,7003,85,5.02,0,0,1,0,0,1
7172,7004,86,5.02,0,1,2,0,0,0
869,4.5,2,5.01,0,1,0,0,1,0
133,53.5,28,5.01,0,1,0,0,0,0
139,53.5,28,5.01,0,1,9,2,2,0
391,79,39,5.01,0,1,1,0,0,0
666,570,63,5.01,0,1,0,0,0,0
7205,7004,86,5.01,0,1,0,0,0,0
7295,7006,87,5.01,0,0,0,0,0,0
7338,7007,88,5.01,0,0,12,3,0,3
33,12,7,5,0,1,5,0,1,0
46,12,7,5,0,1,0,0,0,1
151,59,31,5,0,1,1,0,0,1
89800,89,48,5,0,1,2,0,0,0
700,450,60,5,0,1,1,0,0,0
7198,7004,86,5,0,1,0,0,0,0
7265,7006,87,5,0,0,0,0,0,0
5103,51,25,4.99,0,1,1,0,1,0
215,69,35,4.99,0,1,11,1,1,1
98816,98,54,4.99,0,1,6,0,2,1
7156,7004,86,4.99,0,1,0,0,0,0
187,68.5,35,4.98,0,1,0,0,0,2
98817,98,54,4.98,0,1,0,0,0,0
7270,7006,87,4.98,0,1,1,0,0,1
7357,7007,88,4.98,0,1,0,0,0,0
914,40,19,4.97,0,1,0,0,0,1
886,51,25,4.97,0,1,0,0,0,0
938,81,43,4.97,0,1,0,0,0,0
774,820,65,4.97,0,1,0,0,0,0
559,91.5,51,4.96,0,1,0,0,0,0
12529,125,58,4.96,0,1,2,0,0,0
370,78.5,39,4.95,0,1,0,0,0,0
7082,7002,84,4.95,0,1,0,0,0,0
637,960,77,4.94,0,1,3,0,3,0
7240,7006,87,4.94,0,1,0,0,0,0
887,51,25,4.93,0,1,2,0,0,0
175,60,32,4.93,0,1,6,1,2,5
531,960,76,4.92,0,1,0,0,0,1
7016,7001,83,4.92,0,1,0,0,0,1
7185,7004,86,4.92,0,1,0,0,0,0
7399,7008,89,4.92,0,1,0,0,0,0
940,81,43,4.91,0,1,0,0,0,0
452,84,45,4.91,0,NA,2,0,0,0
556,91.5,51,4.91,0,1,0,0,0,0
557,91.5,51,4.91,0,1,0,1,0,0
489,95,52,4.91,0,1,0,0,0,0
699,450,60,4.91,0,1,0,0,0,0
768,820,65,4.91,0,1,0,0,0,0
7187,7004,86,4.91,0,1,0,0,0,0
7301,7006,87,4.91,0,1,0,0,0,0
19,9.5,5,4.9,0,1,0,0,0,0
56,19,9,4.9,0,1,0,0,0,1
571,91,50,4.9,0,1,0,0,1,0
638,960,77,4.9,0,1,1,1,0,0
7013,7001,83,4.9,0,1,3,5,5,1
7067,7002,84,4.9,0,1,1,0,0,0
900,51,25,4.89,0,1,1,0,1,0
480205,80,42,4.89,0,0,12,3,2,3
575,91,50,4.89,0,1,0,0,0,0
549,91.5,51,4.89,0,1,4,0,1,0
12511,125,58,4.89,0,1,3,1,2,1
541,960,76,4.89,0,NA,1,0,0,0
7188,7004,86,4.88,0,1,0,0,0,0
157,60,32,4.87,0,1,0,0,1,0
27828,27,13,4.86,0,1,0,0,0,0
218,69,35,4.86,0,1,1,0,0,2
560,91.5,51,4.86,0,1,0,0,0,0
7182,7004,86,4.86,0,1,0,1,0,0
400410,820,64,4.85,0,1,5,1,3,3
7160,7004,86,4.85,0,1,1,1,1,0
7167,7004,86,4.85,0,1,0,0,0,0
7264,7006,87,4.85,0,0,8,2,2,1
7330,7007,88,4.85,0,0,2,2,0,2
1,9,4,4.84,0,1,0,0,0,0
93,22.5,12,4.84,0,1,1,2,1,1
12521,125,58,4.84,0,0,1,1,0,0
102,333,59,4.84,0,1,1,2,0,1
7019,7001,83,4.84,0,1,3,3,3,1
8217,82,44,4.83,0,1,1,0,0,0
462,87,46,4.83,0,0,2,0,0,0
603,88.5,48,4.83,0,1,0,0,0,0
7162,7004,86,4.83,0,1,1,0,0,0
219,69,35,4.82,0,1,0,0,0,1
396,79,39,4.82,0,1,6,2,4,0
657,41,20,4.81,0,1,2,0,0,0
592,88.5,48,4.81,0,1,4,0,1,1
7108,7003,85,4.81,0,1,3,0,1,0
400114,7003,85,4.81,0,1,11,5,5,3
907,50.75,25,4.8,0,1,4,0,1,0
937,81,43,4.8,0,1,0,0,0,0
438,84,45,4.8,0,1,0,0,0,0
551,91.5,51,4.8,0,1,0,0,0,2
98819,98,54,4.8,0,1,0,0,0,0
776,820,65,4.8,0,1,0,0,0,0
7116,7003,85,4.8,0,1,0,0,0,0
6520,65,34,4.79,0,1,0,0,0,0
358,78.5,39,4.79,0,1,2,1,2,4
934,81,43,4.79,0,1,0,0,0,0
403,820,64,4.79,0,1,0,0,0,0
7071,7002,84,4.79,0,1,3,0,0,0
28,12,7,4.78,0,1,1,0,0,1
654,41,20,4.78,0,1,0,0,0,0
413,820,64,4.78,0,0,5,2,1,1
7022,7001,83,4.78,0,1,0,0,0,0
935,81,43,4.77,0,1,0,0,0,0
402,820,64,4.77,0,1,2,1,2,0
779,820,65,4.77,0,1,0,0,0,0
7183,7004,86,4.77,0,1,1,2,1,0
7390,7008,89,4.77,0,1,0,0,1,0
167,60,32,4.76,0,1,0,0,0,0
89804,89,48,4.76,0,1,0,0,0,0
98820,98,54,4.76,0,1,3,2,2,5
428,820,64,4.76,0,0,0,0,1,0
7150,7004,86,4.76,0,1,4,0,2,0
7347,7007,88,4.76,0,0,0,0,0,1
27834,27,13,4.75,0,1,0,0,0,0
400911,51,26,4.75,0,1,2,0,2,1
6526,65,34,4.75,0,1,0,0,0,0
115,530,62,4.75,0,1,0,0,0,0
117,530,62,4.75,0,1,0,0,0,0
629,960,77,4.75,0,1,2,0,3,0
908,50.75,25,4.74,0,1,2,0,0,1
7107,7003,85,4.74,0,0,0,0,0,0
3617,36,18,4.73,0,0,2,1,0,0
7276,7006,87,4.73,0,NA,0,0,0,2
7325,7007,88,4.73,0,0,6,5,3,3
2,9,4,4.72,0,1,7,0,0,0
42,12,7,4.72,0,1,2,1,1,0
862,34,17,4.72,0,1,4,0,0,0
384,79,39,4.72,0,1,1,0,0,0
698,450,60,4.72,0,1,0,0,0,0
90231,902,66,4.72,0,1,1,0,0,0
17,9.5,5,4.71,0,1,0,0,0,0
30,12,7,4.71,0,1,1,0,1,0
40,12,7,4.71,0,1,0,0,0,0
751,43.75,21,4.71,0,1,0,0,0,0
904,50.75,25,4.71,0,1,10,0,2,6
163,60,32,4.71,0,1,3,2,4,2
352,78.5,39,4.71,0,0,1,0,1,1
400357,79,39,4.71,0,1,7,2,4,2
7099,7003,85,4.71,0,1,6,0,0,0
7263,7006,87,4.71,0,0,1,1,1,0
924,40,19,4.7,0,1,0,0,0,0
356,78.5,39,4.7,0,1,3,1,1,1
472,87,46,4.7,0,1,7,3,2,2
784,88,47,4.7,0,1,1,0,0,0
182,60,32,4.69,0,1,5,3,4,0
7063,7002,84,4.69,0,0,0,0,0,1
7310,7006,87,4.69,0,1,5,1,2,0
27827,27,13,4.68,0,1,0,0,0,0
855,34,17,4.68,0,1,2,2,1,2
892,51,25,4.68,0,1,7,0,0,1
5107,51,25,4.68,0,0,1,0,0,1
596,88.5,48,4.68,0,1,0,0,0,0
565,91,50,4.68,0,1,0,0,0,2
566,91,50,4.68,0,1,0,0,0,2
639,960,77,4.68,0,1,0,0,0,0
5106,51,25,4.67,0,1,1,0,0,1
7047,7002,84,4.67,0,1,1,0,0,0
7159,7004,86,4.67,0,1,2,0,0,0
7333,7007,88,4.67,0,0,1,0,0,0
7175,7004,86,4.66,0,1,5,0,0,0
7238,7006,87,4.66,0,0,3,0,0,2
5,9,4,4.65,0,1,0,0,0,0
933,81,43,4.65,0,1,1,0,0,0
942,81,43,4.65,0,1,0,0,0,0
435,84,45,4.65,0,1,0,1,0,0
785,88,47,4.65,0,1,0,0,0,0
411221,112,56,4.65,0,1,9,3,4,2
721,333,59,4.65,0,1,8,2,2,0
773,820,65,4.65,0,1,0,0,0,0
529,960,76,4.65,0,1,1,0,0,0
621,960,77,4.65,0,1,6,0,1,0
7050,7002,84,4.65,0,0,0,0,0,0
7296,7006,87,4.65,0,0,0,0,0,0
468,87,46,4.64,0,1,10,0,3,4
507,960,76,4.64,0,1,0,0,0,0
400026,7001,83,4.64,0,1,9,3,4,1
360,78.5,39,4.63,0,1,0,0,0,0
519,960,76,4.63,0,1,11,0,1,0
527,960,76,4.63,0,1,0,0,0,0
43,12,7,4.62,0,1,0,0,0,0
753,43.75,21,4.62,0,1,0,0,0,0
480211,80,42,4.62,0,0,3,2,1,3
641,960,77,4.62,0,1,3,0,0,0
7006,7001,83,4.62,0,1,0,0,0,1
7352,7007,88,4.62,0,0,1,3,1,2
735,43.5,21,4.61,0,1,0,0,1,0
7041,7002,84,4.61,0,1,0,0,1,0
142,59,31,4.6,0,1,3,1,1,0
149,59,31,4.59,0,1,3,1,1,1
382,79,39,4.59,0,1,0,0,0,0
929,81,43,4.59,0,1,0,0,0,0
702,450,60,4.59,0,1,0,0,0,1
761,820,65,4.59,0,1,1,2,3,1
770,820,65,4.59,0,1,0,0,0,0
7408,7008,89,4.59,0,1,0,0,0,2
8213,82,44,4.58,0,1,5,1,1,0
7001,7001,83,4.58,0,1,3,1,2,1
7053,7002,84,4.58,0,1,0,0,0,0
7391,7008,89,4.58,0,1,3,1,1,0
6527,65,34,4.57,0,1,1,0,1,2
365,78.5,39,4.57,0,1,0,2,2,0
734,43.5,21,4.56,0,1,0,3,0,0
350,78,39,4.56,0,1,0,0,0,1
593,88.5,48,4.56,0,1,1,0,0,0
574,91,50,4.56,0,1,1,0,0,1
491,95,52,4.56,0,1,1,0,1,0
7409,7008,89,4.56,0,0,0,0,0,0
3611,36,18,4.55,0,0,6,0,1,0
754,43.75,21,4.55,0,1,0,0,0,0
903,50.75,25,4.55,0,NA,3,1,0,0
8220,82,44,4.55,0,1,1,0,0,0
724,333,59,4.55,0,1,10,3,3,2
27824,27,13,4.54,0,1,0,0,0,0
27835,27,13,4.54,0,1,0,0,0,0
687,570,63,4.54,0,1,2,0,1,0
7056,7002,84,4.54,0,1,0,0,0,0
7173,7004,86,4.54,0,1,0,0,0,1
7177,7004,86,4.54,0,1,0,0,0,0
597,88.5,48,4.53,0,1,0,0,0,0
11226,112,56,4.53,0,0,5,4,3,2
628,960,77,4.53,0,1,1,0,0,1
636,960,77,4.53,0,1,1,0,1,0
403628,36,18,4.52,0,0,1,4,3,0
134,53.5,28,4.52,0,1,0,0,0,0
11205,112,56,4.52,0,0,1,0,0,1
11222,112,56,4.52,0,1,3,1,1,2
62,19,9,4.51,0,1,1,1,0,0
742,43.5,21,4.51,0,1,1,1,0,0
6509,65,34,4.51,0,1,0,0,0,0
199,68.75,35,4.51,0,1,5,0,2,1
436,84,45,4.51,0,1,10,0,0,3
7291,7006,87,4.51,0,1,0,0,0,0
7178,7004,86,4.5,0,1,1,0,0,0
7411,7008,89,4.5,0,0,0,2,0,0
450501,50,24,5.69,0,1,10,2,3,1
450706,50,24,NA,0,NA,10,3,2,1
4714,47,23,3.49,0,1,5,5,2,2
4714,47,23,3.49,0,1,5,5,2,2
5142,51,25,3.45,0,0,3,5,2,3
99622,996,79,3.45,0,0,2,2,2,3
9602,96,53,3.44,0,1,0,1,0,2
305,3,1,3.41,0,0,9,0,0,1
8263,82,44,3.41,0,1,3,5,1,4
5123,51,25,3.39,0,0,0,3,0,2
99602,996,79,3.38,0,0,5,1,1,2
4508,45,22,3.3,0,1,1,4,1,4
4520,45,22,3.21,0,1,1,2,0,1
4709,47,23,3.18,0,1,2,2,0,2
4709,47,23,3.18,0,1,2,2,0,2
92206,922,71,3.03,0,1,0,2,1,1
92228,922,71,3,0,1,2,5,4,2
92223,922,71,2.98,0,1,6,0,1,0
92213,922,71,2.81,0,1,1,5,1,4
92219,922,71,2.73,0,1,2,3,2,1
447,84,45,4.49,0,1,0,0,0,3
7364,7007,88,4.49,0,1,4,1,2,1
646,41,20,4.48,0,1,1,1,0,4
368,78.5,39,4.48,0,1,4,1,1,4
7358,7007,88,4.48,0,1,2,1,1,1
400872,505,61,4.47,0,1,5,4,5,3
378,79,39,4.46,0,1,2,3,1,3
7103,7003,85,4.46,0,1,2,2,1,0
7037,7002,84,4.45,0,0,0,0,0,0
520,960,76,4.44,0,1,0,0,0,0
459,84,45,4.43,0,1,2,0,0,0
7241,7006,87,4.43,0,1,3,3,2,1
652,41,20,4.42,0,1,0,0,0,0
755,43.75,21,4.4,0,1,4,0,2,0
393,79,39,4.39,0,1,0,0,0,0
612,960,77,4.39,0,1,5,0,1,0
8254,82,44,4.38,0,1,0,0,0,0
453,84,45,4.38,0,1,0,0,0,0
697,450,60,4.38,0,1,5,1,2,5
644,41,20,4.36,0,1,1,5,2,5
99701,997,80,4.35,0,0,0,0,1,0
857,34,17,4.34,0,1,1,3,2,2
416,820,64,4.34,0,1,1,0,0,2
7349,7007,88,4.34,0,0,0,3,0,0
605,960,77,4.33,0,1,5,2,3,2
99708,997,80,4.33,0,0,1,0,1,0
7299,7006,87,4.33,0,1,0,0,0,0
8255,82,44,4.31,0,1,0,1,0,2
7397,7008,89,4.31,0,1,2,3,4,1
7341,7007,88,4.28,0,1,0,1,0,1
7055,7002,84,4.27,0,1,3,0,2,1
7253,7006,87,4.26,0,1,8,0,0,5
64,19,9,4.25,0,1,1,0,1,0
99718,997,80,4.24,0,0,2,0,1,1
7146,7004,86,4.24,0,0,2,4,3,1
7101,7003,85,4.23,0,1,10,0,0,1
400287,7006,87,4.18,0,1,2,3,1,2
99719,997,80,4.17,0,0,0,0,0,0
99802,998,81,4.17,0,0,1,0,0,0
400131,7003,85,4.16,0,1,3,3,5,1
99816,998,81,4.15,0,0,1,0,0,2
4511,45,22,4.13,0,1,8,5,5,6
99822,998,81,4.12,0,0,1,0,0,3
400124,7003,85,4.12,0,1,0,2,2,1
323,3,1,4.1,0,1,1,0,0,1
7119,7003,85,4.09,0,1,0,0,0,0
4713,47,23,4.07,0,1,0,1,0,0
4713,47,23,4.07,0,1,0,1,0,0
5120,51,25,4.07,0,0,4,3,3,3
303,3,1,4.06,0,1,1,1,3,6
99801,998,81,4.05,0,0,0,0,0,0
4705,47,23,4.04,0,1,0,0,0,1
4705,47,23,4.04,0,1,0,0,0,1
99823,998,81,4.02,0,0,0,0,0,0
99812,998,81,4,0,0,0,0,0,1
7249,7006,87,3.99,0,0,4,0,0,0
99813,998,81,3.98,0,0,1,2,0,2
99818,998,81,3.98,0,0,1,0,0,3
8229,82,44,3.95,0,1,2,2,0,3
404503,45,22,3.94,0,1,6,3,0,5
99511,995,78,3.93,0,1,0,0,0,3
306,3,1,3.92,0,1,4,1,2,4
9606,96,53,3.89,0,1,8,1,1,2
5124,51,25,3.86,0,0,5,5,4,6
99502,995,78,3.86,0,0,0,0,2,2
5137,51,25,3.84,0,0,0,4,1,4
99512,995,78,3.84,0,NA,9,2,1,3
4507,45,22,3.83,0,1,8,4,1,3
5136,51,25,3.79,0,0,0,0,0,0
8244,82,44,3.78,0,0,6,2,1,3
99505,995,78,3.78,0,1,0,2,1,0
8230,82,44,3.74,0,1,0,0,1,0
99501,995,78,3.74,0,0,6,4,5,0
4704,47,23,3.72,0,1,2,1,0,6
4704,47,23,3.72,0,1,2,1,0,6
312,3,1,3.71,0,1,0,0,0,0
4706,47,23,3.71,0,1,5,2,0,3
4706,47,23,3.71,0,1,5,2,0,3
99613,996,79,3.71,0,0,0,0,0,0
9609,96,53,3.7,0,1,0,3,0,2
99617,996,79,3.69,0,0,0,3,1,0
4509,45,22,3.67,0,1,1,1,1,6
4527,45,22,3.64,0,1,5,4,3,6
99606,996,79,3.64,0,0,1,3,2,2
92220,922,71,3.62,0,1,2,2,2,2
3636,36,18,3.61,0,0,1,0,0,2
4515,45,22,3.59,0,1,2,4,3,2
8233,82,44,3.58,0,1,0,3,2,4
9603,96,53,3.57,0,1,12,6,6,2
338,3,1,3.56,0,1,0,3,0,0
4512,45,22,3.55,0,1,4,4,3,5
4513,45,22,3.55,0,1,1,4,1,5
12531,125,58,5.47,0,1,1,0,1,3
3602,36,18,5.43,0,0,3,0,0,0
79,22,11,5.4,0,1,2,3,1,1
50,19,9,5.25,0,1,0,0,0,1
3620,36,18,5.25,0,0,0,0,1,4
400898,51,26,5.24,0,1,3,0,0,0
532,960,76,5.24,0,1,0,0,0,2
607,960,77,5.24,0,1,1,1,0,0
103,333,59,5.23,0,1,1,4,1,5
705,450,60,5.2,0,1,0,0,0,1
504,960,76,5.2,0,1,2,0,0,2
533,960,76,5.2,0,1,4,0,2,1
960808,960,77,5.2,0,1,5,0,0,2
871,4.5,2,5.19,0,NA,2,3,1,2
420,820,64,5.19,0,1,0,0,0,1
679,570,63,5.18,0,1,10,1,1,2
411216,112,56,5.17,0,1,6,0,0,1
11213,112,56,5.16,0,0,0,0,0,2
12516,125,58,5.16,0,1,0,0,0,0
367,78.5,39,5.15,0,1,0,0,0,0
84,22,11,5.14,0,1,0,0,0,0
7190,7004,86,5.14,0,1,0,0,0,0
434,84,45,5.13,0,1,1,2,1,0
960809,960,77,5.13,0,1,2,2,1,1
864,34,17,5.12,0,1,9,0,2,3
460,84,45,5.11,0,1,1,0,0,0
7158,7004,86,5.11,0,1,1,0,0,0
7262,7006,87,5.11,0,1,1,0,0,1
470121,70,37,5.1,0,0,4,5,5,2
369,78.5,39,5.09,0,1,1,1,0,2
5113,51,25,5.08,0,1,0,0,0,2
109,333,59,5.08,0,1,0,4,1,3
52,19,9,5.07,0,1,2,0,2,3
11206,112,56,5.07,0,1,4,2,1,4
7278,7006,87,5.06,0,1,6,1,1,2
7094,7003,85,5.05,0,1,1,0,1,0
7095,7003,85,5.05,0,1,5,0,0,0
214,69,35,5.03,0,1,6,0,2,4
53,19,9,5.02,0,1,2,1,0,2
722,333,59,5.01,0,1,10,1,3,4
848,34,17,5,0,1,4,1,0,3
849,34,17,5,0,1,4,1,0,0
400429,84,45,5,0,1,2,4,3,0
54,19,9,4.99,0,0,0,0,0,0
366,78.5,39,4.99,0,1,0,1,1,1
392,79,39,4.99,0,1,4,2,4,0
477,95,52,4.99,0,1,1,0,0,1
400192,7004,86,4.99,0,1,0,1,0,0
3621,36,18,4.98,0,0,0,0,0,1
403625,36,18,4.98,0,0,2,2,2,5
868,4.5,2,4.97,0,1,2,0,4,4
55,19,9,4.97,0,1,5,0,2,2
7135,7003,85,4.97,0,1,0,0,0,0
7398,7008,89,4.97,0,0,0,0,0,0
8222,82,44,4.96,0,1,2,0,0,0
184,68.5,35,4.95,0,1,0,0,0,1
678,570,63,4.94,0,1,1,0,0,0
361,78.5,39,4.92,0,1,6,0,0,0
458,84,45,4.91,0,1,3,0,0,2
7406,7008,89,4.91,0,0,1,0,0,0
165,60,32,4.9,0,1,0,0,1,6
7274,7006,87,4.89,0,1,0,0,0,1
389,79,39,4.88,0,1,0,0,0,1
400424,820,64,4.88,0,1,3,1,2,1
7133,7003,85,4.88,0,1,0,0,0,0
867,4.5,2,4.87,0,1,2,0,1,2
217,69,35,4.87,0,1,10,2,2,4
7125,7003,85,4.87,0,0,1,0,0,0
400866,34,17,4.85,0,1,2,0,1,0
456,84,45,4.85,0,1,0,0,0,1
400139,7003,85,4.85,0,1,1,3,5,3
856,34,17,4.83,0,1,4,0,0,0
385,79,39,4.82,0,1,1,1,0,0
658,41,20,4.81,0,1,2,0,0,4
57,19,9,4.8,0,1,1,0,0,1
739,43.5,21,4.8,0,1,2,5,4,2
11209,112,56,4.8,0,1,2,2,3,5
92,22.5,12,4.79,0,1,1,2,1,4
863,34,17,4.79,0,1,0,0,1,0
7412,7008,89,4.79,0,1,0,2,0,3
7028,7001,83,4.78,0,1,7,2,3,1
7180,7004,86,4.78,0,1,0,0,0,1
78340,78,40,4.76,0,NA,6,0,2,5
7248,7006,87,4.75,0,0,1,2,0,1
461,84,45,4.74,0,1,1,1,1,1
676,570,63,4.74,0,1,10,2,2,2
7313,7006,87,4.74,0,1,1,0,0,1
7122,7003,85,4.73,0,1,0,1,1,1
865,4.5,2,4.72,0,1,3,3,2,3
400058,19,9,4.72,0,1,4,3,4,2
6515,65,34,4.72,0,1,5,0,1,1
7305,7006,87,4.72,0,0,1,1,1,1
681,570,63,4.71,0,1,4,3,3,4
515,960,76,4.71,0,1,0,0,0,2
78338,78,40,4.7,0,1,5,2,2,3
674,570,63,4.7,0,1,10,2,3,1
7395,7008,89,4.7,0,1,2,2,1,0
354,78.5,39,4.69,0,1,0,2,0,0
11212,112,56,4.69,0,1,1,0,0,3
415,820,64,4.69,0,1,5,1,0,2
7282,7006,87,4.69,0,1,0,3,2,0
610,960,77,4.68,0,1,1,0,1,0
7161,7004,86,4.67,0,1,2,0,0,0
859,34,17,4.66,0,1,7,2,0,2
78337,78,40,4.65,0,1,3,2,3,2
59,19,9,4.63,0,1,1,0,0,1
6521,65,34,4.61,0,1,10,1,0,2
400134,7003,85,4.61,0,1,6,2,3,1
225,69,35,4.6,0,1,0,0,0,3
400123,7003,85,4.59,0,1,5,4,3,1
7176,7004,86,4.59,0,1,2,4,1,2
95,22.5,12,4.58,0,1,1,3,2,2
7351,7007,88,4.58,0,1,9,1,0,3
60,19,9,4.57,0,1,2,1,1,0
61,19,9,4.56,0,1,1,0,0,2
6523,65,34,4.56,0,1,1,0,0,2
486,95,52,4.56,0,1,0,4,1,2
7087,7002,84,4.56,0,1,1,0,1,0
7097,7003,85,4.56,0,0,5,3,2,1
457,84,45,4.55,0,1,1,0,0,0
387,79,39,4.51,0,1,0,0,0,0
130,53.5,28,4.5,0,1,0,0,0,0
450611,50,24,5.77,0,0,7,0,1,1
407615,76,38,NA,0,1,9,5,4,1
5714,57,30,3.49,0,1,0,1,3,0
12403,124,57,3.46,0,1,1,3,2,2
3205,32,15,3.43,0,1,0,1,0,0
6540,65,34,3.43,0,1,6,2,2,1
1405,14,8,3.42,0,1,6,5,5,5
3208,32,15,3.42,0,1,3,2,3,1
3302,33,16,3.41,0,1,5,5,3,0
3302,33,16,3.41,0,1,5,5,3,0
90221,902,66,3.41,0,1,5,1,2,5
99916,999,82,3.4,0,0,0,0,0,0
3209,32,15,3.36,0,1,0,2,0,1
92416,924,73,3.36,0,1,3,3,0,1
99908,999,82,3.35,0,0,0,0,1,0
412420,124,57,3.34,0,1,2,3,0,1
3219,32,15,3.33,0,1,8,5,4,2
92013,920,70,3.29,0,1,9,2,2,0
6528,65,34,3.27,0,1,10,5,2,0
92010,920,70,3.27,0,1,0,2,0,0
403301,33,16,3.25,0,1,8,6,5,2
6539,65,34,3.25,0,1,1,1,2,0
92002,920,70,3.25,0,1,8,2,0,0
493214,932,75,3.24,0,1,6,5,2,1
3206,32,15,3.19,0,1,3,2,0,0
3215,32,15,3.19,0,1,5,4,1,3
3216,32,15,3.17,0,1,5,5,3,1
492008,920,70,3.16,0,1,0,2,1,0
99902,999,82,3.15,0,0,0,4,1,1
92421,924,73,3.14,0,1,1,2,0,1
91006,910,67,3.08,0,1,1,0,0,0
91007,910,67,3.06,0,1,3,1,0,0
92415,924,73,3.06,0,1,4,2,1,1
92212,922,71,2.97,0,1,8,2,2,1
91012,910,67,2.96,0,0,2,1,1,0
92217,922,71,2.66,0,1,10,5,4,2
7078,7002,84,4.48,0,1,3,1,0,1
7236,7005,87,4.42,0,1,3,1,1,0
194,68.5,35,4.38,0,1,2,0,1,3
192,68.5,35,4.37,0,1,4,4,4,2
7211,7005,87,4.3,0,1,0,1,1,0
7215,7005,87,4.3,0,NA,3,0,2,1
7072,7002,84,4.29,0,1,3,3,5,1
1404,14,8,4.27,0,1,0,1,0,0
7219,7005,87,4.25,0,0,0,0,0,0
1408,14,8,4.24,0,1,3,4,3,2
7208,7005,87,4.24,0,1,2,1,2,1
92417,924,73,4.17,0,1,3,4,3,1
92707,927,74,4.17,0,1,7,1,1,2
403643,36,18,4.16,0,1,11,1,4,1
8008,80,41,4.15,0,1,6,1,0,0
410128,10,6,4.13,0,0,0,1,1,0
5342,53,27,4.13,0,1,3,0,0,0
5329,53,27,4.12,0,1,0,0,0,0
6537,65,34,4.12,0,1,0,0,0,2
5340,53,27,4.11,0,1,1,0,0,0
91003,910,67,4.11,0,1,1,0,0,0
90223,902,66,4.1,0,1,6,0,1,0
91004,910,67,4.1,0,1,1,0,0,0
91005,910,67,4.1,0,1,1,0,0,0
3307,33,16,4.08,0,1,2,1,2,3
3307,33,16,4.08,0,1,2,1,2,3
492225,922,71,4.08,0,1,3,4,4,1
5711,57,30,4.07,0,1,3,1,1,2
5311,53,27,4.05,0,1,0,0,0,0
3218,32,15,4.04,0,1,0,0,0,1
93216,932,75,4.03,0,1,0,0,1,0
90220,902,66,4.01,0,1,1,0,1,0
93221,932,75,4,0,1,0,0,0,0
5347,53,27,3.99,0,1,5,0,1,1
412418,124,57,3.97,0,1,1,1,0,0
5701,57,30,3.96,0,0,4,1,0,1
90202,902,66,3.95,0,NA,8,3,2,1
3213,32,15,3.94,0,1,0,0,0,0
6530,65,34,3.93,0,1,0,0,0,0
92208,922,71,3.93,0,1,0,0,0,0
3203,32,15,3.91,0,1,4,5,2,2
5319,53,27,3.91,0,1,2,0,0,0
5351,53,27,3.87,0,1,0,0,0,0
8010,80,41,3.87,0,1,6,3,1,1
5308,53,27,3.86,0,1,0,1,0,0
92003,920,70,3.86,0,1,1,0,0,0
3214,32,15,3.85,0,1,0,6,3,3
5335,53,27,3.85,0,1,0,1,0,0
6536,65,34,3.85,0,1,0,0,2,0
92006,920,70,3.85,0,1,0,1,0,0
3305,33,16,3.83,0,1,4,6,5,2
3305,33,16,3.83,0,1,4,6,5,2
92419,924,73,3.83,0,1,7,1,0,0
5720,57,30,3.82,0,1,6,4,4,3
92001,920,70,3.82,0,0,1,0,0,0
1406,14,8,3.81,0,1,5,4,5,0
493219,932,75,3.81,0,1,7,5,1,0
91915,919,69,3.8,0,1,0,0,0,0
6538,65,34,3.78,0,1,0,3,1,1
5343,53,27,3.76,0,NA,11,0,3,2
491013,910,67,3.76,0,1,3,2,2,0
91008,910,67,3.75,0,1,1,1,0,0
3220,32,15,3.73,0,1,4,4,3,2
6531,65,34,3.71,0,0,0,2,0,0
92015,920,70,3.7,0,1,0,0,0,0
99603,996,79,3.7,0,0,0,2,1,0
5334,53,27,3.69,0,1,0,0,0,0
8003,80,41,3.69,0,1,5,0,0,0
92017,920,70,3.68,0,1,0,0,0,1
3309,33,16,3.67,0,1,2,4,2,3
3309,33,16,3.67,0,1,2,4,2,3
408004,80,41,3.63,0,1,2,5,4,4
5317,53,27,3.62,0,1,0,0,0,0
5717,57,30,3.59,0,1,0,1,2,0
6529,65,34,3.59,0,1,0,1,0,0
3308,33,16,3.58,0,1,2,5,4,2
3308,33,16,3.58,0,1,2,5,4,2
5718,57,30,3.56,0,1,0,1,0,0
5309,53,27,3.53,0,1,0,0,0,0
92403,924,73,3.53,0,1,7,3,1,2
93223,932,75,3.53,0,1,0,2,2,2
92012,920,70,3.51,0,0,2,0,0,1
99910,999,82,3.5,0,0,1,0,0,0
450609,50,24,5.19,0,1,0,0,0,1
7365,7007,88,5.15,0,0,0,4,2,3
7207,7005,87,5.13,0,0,1,1,2,1
193,68.5,35,5.09,0,1,0,0,1,0
7141,7003,85,4.93,0,1,1,0,1,1
7209,7005,87,4.85,0,0,0,0,1,0
7216,7005,87,4.83,0,0,1,0,0,0
14,9.5,5,4.8,0,1,2,5,2,5
7090,7002,84,4.77,0,1,8,1,1,0
7217,7005,87,4.76,0,1,0,0,0,0
191,68.5,35,4.73,0,1,0,0,0,0
7234,7005,87,4.63,0,0,2,1,3,1
7065,7002,84,4.61,0,1,8,3,3,1
7084,7002,84,4.57,0,NA,10,1,1,3
7213,7005,87,4.57,0,0,0,0,0,0
7220,7005,87,4.54,0,0,0,0,0,0
450707,50,24,NA,0,NA,12,1,3,2
92226,922,71,NA,0,1,5,4,5,3
400823,998,81,NA,0,1,10,5,5,2
8234,82,44,3.49,0,1,0,1,0,0
90211,902,66,3.48,0,1,6,2,4,1
8253,82,44,3.47,0,1,2,2,1,0
91225,912,68,3.47,0,1,0,0,0,0
335,3,1,3.45,0,1,7,4,5,2
5145,51,25,3.44,0,1,2,3,1,0
5155,51,25,3.44,0,0,1,3,1,2
480327,80,42,3.43,0,0,7,6,4,4
493211,932,75,3.43,0,1,1,0,1,3
5152,51,25,3.42,0,0,0,2,1,0
99518,995,78,3.41,0,0,1,2,2,2
91228,912,68,3.4,0,1,0,0,1,0
5143,51,25,3.39,0,1,3,2,1,2
91215,912,68,3.39,0,1,1,0,0,1
91216,912,68,3.39,0,1,0,0,0,0
3640,36,18,3.38,0,0,1,2,1,3
90225,902,66,3.38,0,0,2,1,1,2
4510,45,22,3.37,0,1,4,2,1,1
91916,919,69,3.37,0,1,2,1,0,0
8204,82,44,3.36,0,1,9,3,1,2
8264,82,44,3.36,0,0,1,5,2,1
340,3,1,3.35,0,1,11,5,5,1
806,8,3,3.35,0,1,1,0,0,0
5338,53,27,3.34,0,1,0,0,0,0
91912,919,69,3.34,0,1,1,0,1,0
91223,912,68,3.33,0,1,0,0,0,0
8209,82,44,3.32,0,0,9,6,4,5
5327,53,27,3.31,0,1,1,2,2,0
5320,53,27,3.3,0,1,0,2,1,2
12405,124,57,3.3,0,1,7,3,1,4
318,3,1,3.29,0,1,4,1,3,0
5336,53,27,3.29,0,1,2,2,2,0
91224,912,68,3.29,0,1,0,0,0,0
93209,932,75,3.29,0,1,1,1,1,0
5310,53,27,3.27,0,1,3,0,1,0
5344,53,27,3.26,0,1,7,1,1,0
332,3,1,3.25,0,1,6,4,3,1
4522,45,22,3.24,0,1,3,2,1,1
4523,45,22,3.24,0,1,3,2,1,0
5326,53,27,3.24,0,1,0,1,3,1
5620,56,29,3.24,0,1,7,3,3,1
91230,912,68,3.23,0,1,0,0,0,0
809,8,3,3.22,0,1,8,1,3,1
331,3,1,3.2,0,1,3,4,5,2
93215,932,75,3.2,0,1,0,1,0,0
328,3,1,3.18,0,1,3,3,3,5
405621,56,29,3.18,0,1,8,3,4,1
316,3,1,3.17,0,1,4,3,1,0
91901,919,69,3.16,0,1,2,4,2,0
326,3,1,3.15,0,1,6,5,4,4
92222,922,71,3.14,0,1,2,0,1,0
92215,922,71,3.12,0,1,0,1,0,0
93225,932,75,3.11,0,1,8,1,3,2
90209,902,66,3.1,0,1,2,2,1,1
12414,124,57,3.08,0,1,4,0,0,1
8239,82,44,3.07,0,1,0,3,1,0
12430,124,57,3.07,0,1,2,3,2,1
93224,932,75,3.06,0,1,7,0,1,1
92701,927,74,3.05,0,1,2,0,2,1
12413,124,57,3.03,0,1,0,0,0,0
5606,56,29,3,0,1,4,6,0,2
92312,923,72,2.76,0,1,12,5,4,1
92204,922,71,2.68,0,1,0,2,1,0
92320,923,72,2.66,0,1,0,3,2,2
92306,923,72,2.57,0,0,11,3,2,0
936,81,43,4.49,0,1,0,0,0,0
660,570,63,4.49,0,1,11,1,3,3
762,820,65,4.49,0,1,0,0,0,0
7032,7002,84,4.49,0,1,1,0,0,0
939,81,43,4.48,0,1,0,0,0,0
113,530,62,4.48,0,1,0,0,0,0
765,820,65,4.48,0,1,0,0,0,0
7356,7007,88,4.48,0,0,12,2,4,2
47,12,7,4.47,0,1,7,6,4,4
400894,51,26,4.47,0,1,10,5,5,2
141,53.5,28,4.47,0,1,0,3,1,0
6511,65,34,4.47,0,1,0,0,0,0
932,81,43,4.47,0,1,0,0,0,0
441,84,45,4.47,0,1,0,1,0,0
564,91,50,4.47,0,1,0,0,0,0
11218,112,56,4.47,0,0,3,4,4,2
714,333,59,4.47,0,1,0,0,0,0
414,820,64,4.47,0,1,0,0,0,0
759,820,65,4.47,0,1,0,0,0,0
525,960,76,4.47,0,1,3,0,1,0
131,53.5,28,4.46,0,1,0,1,0,0
7057,7002,84,4.46,0,1,0,0,1,0
13,9.5,5,4.45,0,1,0,0,0,0
75,22,11,4.45,0,1,0,0,0,0
227,69,35,4.45,0,1,8,0,3,4
400595,89,48,4.45,0,1,6,2,3,3
572,91,50,4.45,0,1,0,0,1,0
526,960,76,4.45,0,1,4,1,0,0
7044,7002,84,4.45,0,1,2,0,2,0
7049,7002,84,4.45,0,1,0,0,0,0
349,78,39,4.44,0,1,2,0,1,1
552,91.5,51,4.44,0,1,3,0,1,1
7035,7002,84,4.44,0,1,5,0,1,0
7148,7004,86,4.44,0,0,1,1,1,0
7306,7006,87,4.44,0,0,6,2,1,3
3638,36,18,4.43,0,0,2,0,0,0
5104,51,25,4.43,0,1,0,1,1,0
6504,65,34,4.43,0,1,1,0,0,0
470110,70,37,4.43,0,0,2,2,1,0
600,88.5,48,4.43,0,1,1,0,0,0
569,91,50,4.43,0,1,1,0,1,0
39,12,7,4.42,0,1,0,0,0,0
490,95,52,4.42,0,1,6,5,4,2
7244,7006,87,4.42,0,0,0,0,1,0
7267,7006,87,4.42,0,1,2,2,0,0
380,79,39,4.41,0,1,8,5,2,1
7154,7004,86,4.41,0,1,2,2,2,1
146,59,31,4.4,0,1,2,3,2,1
480213,80,42,4.4,0,0,5,2,2,1
870,4.5,2,4.39,0,1,8,1,1,0
8226,82,44,4.39,0,1,12,3,2,1
7036,7002,84,4.39,0,1,0,1,0,0
7195,7004,86,4.39,0,1,2,3,2,0
7321,7006,87,4.39,0,0,1,4,2,4
895,51,25,4.38,0,1,1,1,1,1
229,69,35,4.38,0,0,3,0,1,0
796,89,48,4.38,0,1,1,4,4,2
126,530,62,4.38,0,1,0,0,0,1
510,960,76,4.38,0,1,0,0,0,0
7279,7006,87,4.38,0,0,3,4,0,3
26,12,7,4.37,0,1,1,5,1,1
37,12,7,4.37,0,1,10,0,2,1
523,960,76,4.37,0,1,0,1,1,0
916,40,19,4.36,0,1,9,1,0,0
896,51,25,4.36,0,1,0,1,0,0
383,79,39,4.36,0,1,3,2,1,0
451,84,45,4.36,0,1,8,1,3,0
591,88.5,48,4.36,0,1,2,0,1,0
7242,7006,87,4.36,0,1,9,2,3,0
77,22,11,4.35,0,1,1,1,0,2
492,95,52,4.35,0,1,4,5,4,0
662,570,63,4.35,0,1,2,1,1,0
683,570,63,4.35,0,1,0,1,1,1
156,60,32,4.34,0,1,1,0,3,1
487,95,52,4.34,0,1,2,0,0,1
7089,7002,84,4.34,0,1,6,5,4,1
795,89,48,4.33,0,0,3,2,1,2
686,570,63,4.33,0,1,0,0,1,0
917,40,19,4.32,0,1,2,0,0,0
7010,7001,83,4.32,0,1,7,5,5,4
400132,7003,85,4.32,0,1,8,3,5,0
7153,7004,86,4.32,0,1,9,4,2,2
7174,7004,86,4.32,0,1,1,0,0,0
6517,65,34,4.31,0,1,2,1,3,3
400112,100,55,4.31,0,0,11,5,4,3
99720,997,80,4.31,0,0,0,0,0,1
7342,7007,88,4.31,0,0,2,5,2,3
7348,7007,88,4.31,0,0,9,2,1,3
180,60,32,4.3,0,1,2,0,2,0
602,88.5,48,4.3,0,1,2,0,1,4
12415,124,57,4.3,0,1,0,0,0,1
111,333,59,4.3,0,1,0,4,2,1
7115,7003,85,4.3,0,1,4,1,0,0
32,12,7,4.29,0,1,1,0,0,2
594,88.5,48,4.29,0,1,4,1,2,1
12409,124,57,4.29,0,1,0,0,0,0
7181,7004,86,4.29,0,0,3,4,4,1
400009,9,4,4.28,0,1,11,2,4,1
99,22.5,12,4.28,0,1,8,6,4,4
196,68.75,35,4.28,0,1,2,0,0,0
400333,69,36,4.28,0,1,7,4,4,2
100,333,59,4.28,0,1,1,0,2,1
400272,7006,87,4.28,0,0,10,2,0,1
7404,7008,89,4.28,0,1,4,3,3,0
27832,27,13,4.27,0,1,3,0,0,0
160,60,32,4.27,0,1,9,5,6,2
22,12,7,4.26,0,1,0,0,0,0
344,78,39,4.26,0,0,2,1,3,4
7266,7006,87,4.26,0,0,10,2,4,2
7152,7004,86,4.25,0,1,3,1,2,1
6525,65,34,4.24,0,1,9,2,2,2
7277,7006,87,4.24,0,1,11,1,2,2
470106,70,37,4.23,0,0,10,4,5,3
7269,7006,87,4.22,0,1,5,0,0,1
7337,7007,88,4.22,0,1,9,3,5,1
6513,65,34,4.21,0,1,6,0,1,1
7335,7007,88,4.2,0,1,0,2,0,0
5114,51,25,4.19,0,0,1,3,1,1
7204,7004,86,4.19,0,1,2,5,3,1
400422,820,64,4.18,0,1,10,0,3,1
400100,7003,85,4.18,0,1,4,5,3,2
7275,7006,87,4.18,0,1,4,0,2,0
7199,7004,86,4.17,0,1,12,5,5,1
5304,53,27,4.16,0,1,0,0,0,0
5609,56,29,4.16,0,1,8,5,3,2
5624,56,29,4.16,0,1,3,6,3,6
8248,82,44,4.16,0,0,1,0,0,1
7002,7001,83,4.16,0,1,6,4,4,4
4518,45,22,4.15,0,1,0,1,1,0
4707,47,23,4.15,0,1,5,0,0,0
4707,47,23,4.15,0,1,5,0,0,0
7018,7001,83,4.15,0,1,4,4,4,4
7020,7001,83,4.15,0,1,6,6,5,3
811,8,3,4.14,0,0,1,0,0,0
4502,45,22,4.14,0,1,4,3,3,0
395,79,39,4.14,0,1,5,0,0,1
90217,902,66,4.14,0,1,11,0,1,1
801,8,3,4.13,0,0,1,0,0,0
825,8,3,4.12,0,1,4,2,3,1
5619,56,29,4.12,0,1,2,1,0,0
815,8,3,4.1,0,1,2,0,1,0
93208,932,75,4.1,0,1,10,3,2,3
5613,56,29,4.09,0,1,0,0,0,0
90230,902,66,4.08,0,1,3,0,2,0
320,3,1,4.07,0,1,0,0,0,1
5117,51,25,4.07,0,0,2,3,1,2
5607,56,29,4.07,0,1,0,0,0,0
321,3,1,4.05,0,1,5,1,3,3
820,8,3,4.05,0,1,0,0,0,0
8206,82,44,4.02,0,1,9,3,2,3
90216,902,66,4.02,0,1,3,3,0,4
5315,53,27,4.01,0,1,0,0,0,0
92703,927,74,4.01,0,1,6,0,2,1
99824,998,81,4.01,0,0,0,0,0,0
12432,124,57,4,0,1,7,3,3,1
405159,51,25,3.99,0,0,9,4,5,4
5608,56,29,3.99,0,1,11,6,4,4
5601,56,29,3.98,0,1,0,2,0,0
99821,998,81,3.98,0,0,1,2,0,2
4708,47,23,3.97,0,1,0,1,1,0
4708,47,23,3.97,0,1,0,1,1,0
12423,124,57,3.97,0,0,2,2,1,0
91210,912,68,3.96,0,1,0,0,0,0
99504,995,78,3.96,0,0,2,0,1,6
480308,80,42,3.95,0,0,5,5,5,4
91213,912,68,3.95,0,1,1,0,0,0
346,78,39,3.94,0,1,2,0,0,0
499814,998,81,3.94,0,0,1,3,2,3
310,3,1,3.93,0,1,8,2,3,2
5616,56,29,3.92,0,1,3,1,1,1
91214,912,68,3.92,0,1,0,0,0,0
91241,912,68,3.92,0,1,0,0,0,1
309,3,1,3.91,0,1,2,0,2,2
8235,82,44,3.9,0,1,6,4,1,2
93203,932,75,3.9,0,1,0,0,0,1
6207,62,33,3.89,0,1,0,0,1,0
91209,912,68,3.89,0,1,0,0,0,0
405115,51,25,3.88,0,0,7,5,5,2
91908,919,69,3.87,0,1,0,0,0,0
99508,995,78,3.87,0,0,3,0,0,2
4526,45,22,3.86,0,1,2,2,1,0
450303,50,24,3.85,0,1,10,1,3,2
99523,995,78,3.85,0,NA,7,3,5,3
404506,45,22,3.84,0,1,10,4,4,4
99514,995,78,3.82,0,0,4,0,1,2
5314,53,27,3.81,0,1,0,1,0,0
5602,56,29,3.81,0,1,9,6,3,2
91909,919,69,3.81,0,NA,0,1,0,0
5116,51,25,3.8,0,0,0,5,1,1
5323,53,27,3.8,0,1,0,0,0,0
8203,82,44,3.8,0,1,2,2,4,2
91910,919,69,3.8,0,1,0,0,0,0
816,8,3,3.78,0,1,2,0,1,0
403629,36,18,3.78,0,0,6,3,4,2
5160,51,25,3.78,0,0,9,3,2,1
5333,53,27,3.78,0,1,7,5,1,1
99621,996,79,3.78,0,0,0,2,3,0
91211,912,68,3.77,0,1,0,0,0,0
99610,996,79,3.77,0,0,0,0,1,3
6206,62,33,3.76,0,1,2,0,1,0
91212,912,68,3.76,0,1,0,0,0,0
329,3,1,3.75,0,1,2,3,3,5
90218,902,66,3.75,0,1,6,1,4,0
99507,995,78,3.74,0,0,1,0,2,0
499605,996,79,3.74,0,0,2,3,1,0
5305,53,27,3.73,0,1,5,1,2,0
5328,53,27,3.73,0,1,0,0,2,1
93206,932,75,3.73,0,1,0,0,0,0
5324,53,27,3.71,0,1,0,0,0,0
91208,912,68,3.71,0,1,2,0,0,0
91913,919,69,3.71,0,1,0,0,0,0
8202,82,44,3.7,0,1,2,3,3,4
814,8,3,3.68,0,0,5,0,2,0
5129,51,25,3.68,0,0,2,4,1,1
90227,902,66,3.68,0,1,6,1,3,1
5163,51,25,3.67,0,0,0,3,0,1
6205,62,33,3.67,0,1,1,0,1,0
90228,902,66,3.67,0,1,4,2,1,0
301,3,1,3.66,0,0,8,2,1,1
90226,902,66,3.66,0,1,0,1,0,1
90235,902,66,3.66,0,1,5,0,2,0
8201,82,44,3.65,0,1,9,3,3,2
490117,90,49,3.65,0,0,10,4,4,1
6204,62,33,3.64,0,1,11,1,2,0
90234,902,66,3.63,0,1,1,2,1,1
90212,902,66,3.61,0,1,0,0,0,0
90213,902,66,3.61,0,1,2,1,1,1
8207,82,44,3.6,0,1,0,2,0,1
5148,51,25,3.59,0,1,1,1,0,2
5330,53,27,3.59,0,1,11,4,4,1
91207,912,68,3.59,0,1,7,3,0,1
311,3,1,3.57,0,1,6,5,2,1
6203,62,33,3.56,0,1,0,0,1,0
90204,902,66,3.56,0,0,2,1,1,0
99608,996,79,3.56,0,0,0,0,0,0
5605,56,29,3.55,0,1,3,4,2,1
8261,82,44,3.53,0,0,3,5,0,2
8262,82,44,3.53,0,0,0,3,0,1
90224,902,66,3.53,0,1,1,1,2,1
812,8,3,3.52,0,1,2,0,1,0
91221,912,68,3.52,0,1,0,0,0,0
822,8,3,3.51,0,1,4,2,3,0
5130,51,25,3.51,0,1,0,4,2,0
91206,912,68,3.51,0,1,1,0,0,0
12504,125,58,5.52,0,1,9,1,3,1
12503,125,58,5.45,0,1,2,0,0,0
450403,50,24,5.42,0,1,1,1,2,1
12528,125,58,5.4,0,1,1,1,1,1
410202,10,6,5.37,0,0,6,3,4,3
403627,36,18,5.36,0,0,7,3,3,4
12525,125,58,5.34,0,1,0,0,0,0
412523,125,58,5.34,0,1,7,3,2,0
11227,112,56,5.33,0,1,0,0,0,0
430111,30,14,5.32,0,0,6,6,5,2
5101,51,25,5.3,0,1,1,0,0,1
450603,50,24,5.28,0,0,7,3,1,1
3604,36,18,5.26,0,0,12,0,4,4
400015,100,55,5.26,0,0,12,6,4,4
7389,7008,89,5.26,0,0,9,1,3,0
897,51,25,5.25,0,1,5,1,1,0
696,570,63,5.25,0,1,3,0,0,0
45,12,7,5.24,0,1,0,0,0,0
744,43.75,21,5.24,0,1,0,0,1,1
400176,60,32,5.23,0,1,11,1,4,0
467,87,46,5.23,0,1,0,0,0,0
573,91,50,5.23,0,1,0,0,0,0
12518,125,58,5.23,0,1,0,0,0,0
123,530,62,5.23,0,1,0,0,0,0
501,960,76,5.23,0,1,0,0,0,0
27840,27,13,5.22,0,1,3,0,0,0
161,60,32,5.22,0,1,0,0,1,0
664,570,63,5.22,0,1,8,0,1,0
207,69,35,5.21,0,1,7,0,4,1
440,84,45,5.21,0,1,8,1,0,0
545,91.5,51,5.21,0,1,2,2,2,1
845,34,17,5.2,0,NA,5,0,0,0
3605,36,18,5.2,0,0,0,0,0,0
3614,36,18,5.2,0,0,1,0,0,1
12509,125,58,5.2,0,1,6,1,1,1
719,333,59,5.2,0,1,7,2,3,0
24,12,7,5.19,0,1,0,0,0,0
81,22,11,5.19,0,1,6,1,0,1
147,59,31,5.19,0,1,2,0,0,0
470102,70,37,5.19,0,0,4,2,4,1
534,960,76,5.19,0,1,6,0,2,1
410206,10,6,5.18,0,0,1,5,2,3
363,78.5,39,5.18,0,NA,0,1,0,1
797,89,48,5.18,0,1,1,0,1,0
18,9.5,5,5.17,0,1,0,0,0,0
729,43.5,21,5.17,0,1,1,1,0,0
364,78.5,39,5.17,0,1,0,1,0,0
11217,112,56,5.17,0,0,1,4,2,1
7247,7006,87,5.17,0,0,3,5,3,3
65,19,9,5.16,0,1,2,0,1,0
125,530,62,5.16,0,1,0,0,0,1
682,570,63,5.16,0,1,6,4,4,2
873,4.5,2,5.15,0,1,2,0,1,1
83,22,11,5.15,0,NA,0,0,0,1
6512,65,34,5.15,0,1,0,0,1,1
634,960,77,5.15,0,1,0,0,0,0
7,9,4,5.14,0,0,9,0,2,0
3616,36,18,5.14,0,0,5,1,1,0
381,79,39,5.14,0,1,7,0,0,2
562,91,50,5.14,0,1,0,0,0,0
514,960,76,5.14,0,1,0,0,0,0
400268,7006,87,5.14,0,1,3,2,0,0
172,60,32,5.13,0,1,3,0,2,1
558,91.5,51,5.13,0,1,1,0,0,0
694,570,63,5.13,0,0,0,0,1,0
210,69,35,5.12,0,1,6,4,3,4
693,570,63,5.12,0,1,2,0,1,0
7169,7004,86,5.12,0,1,1,0,0,0
3,9,4,5.11,0,1,0,0,0,0
437,84,45,5.11,0,1,12,2,0,1
106,333,59,5.11,0,0,2,0,1,1
725,333,59,5.11,0,1,0,0,0,3
7257,7006,87,5.11,0,0,1,3,1,3
74,22,11,5.1,0,1,6,0,2,0
404,820,64,5.1,0,1,1,0,0,1
7012,7001,83,5.1,0,1,11,1,4,0
7058,7002,84,5.1,0,1,1,0,1,3
7059,7002,84,5.1,0,1,3,0,1,1
7060,7002,84,5.1,0,1,3,0,0,0
16,9.5,5,5.09,0,1,4,3,1,3
38,12,7,5.09,0,1,1,2,2,1
98811,98,54,5.09,0,1,4,0,3,0
6,9,4,5.08,0,1,10,0,3,4
561,91.5,51,5.07,0,1,7,3,4,3
7008,7001,83,5.07,0,1,1,0,1,1
400184,7004,86,5.07,0,0,0,1,0,4
15,9.5,5,5.06,0,1,0,0,0,0
377,79,39,5.06,0,1,0,1,0,0
8219,82,44,5.06,0,1,1,0,0,0
412513,125,58,5.06,0,1,8,4,4,3
747,43.75,21,5.05,0,1,0,0,0,0
450106,50,24,5.05,0,1,3,2,1,1
930,81,43,5.05,0,1,0,0,0,0
554,91.5,51,5.05,0,1,0,0,0,0
98813,98,54,5.05,0,1,7,0,3,2
772,820,65,5.05,0,1,0,0,0,0
27839,27,13,5.04,0,1,0,0,0,0
884,51,25,5.04,0,1,5,0,1,0
212,69,35,5.04,0,1,3,1,3,2
7165,7004,86,5.04,0,1,1,0,0,1
66,19,9,5.03,0,1,1,0,0,0
619,960,77,5.03,0,1,0,1,0,0
7054,7002,84,5.03,0,1,2,0,0,0
7093,7003,85,5.03,0,1,1,0,0,0
921,40,19,5.02,0,1,1,0,0,1
153,59,31,5.02,0,0,0,0,1,1
7104,7003,85,5.02,0,1,3,0,0,0
41,12,7,5.01,0,1,6,2,4,2
748,43.75,21,5.01,0,1,9,0,2,0
6516,65,34,5.01,0,1,2,0,1,1
98815,98,54,5.01,0,1,10,0,2,3
7323,7006,87,5.01,0,1,1,0,1,1
89,22.5,12,5,0,1,5,5,1,2
730,43.5,21,5,0,1,1,0,0,1
494,95,52,5,0,1,4,3,4,0
11201,112,56,5,0,0,4,2,2,3
521,960,76,5,0,1,4,0,0,0
400105,7003,85,5,0,1,4,4,3,2
7308,7006,87,5,0,0,0,2,0,0
861,34,17,4.99,0,1,0,1,0,0
450105,50,24,4.99,0,0,9,4,5,5
5110,51,25,4.99,0,0,5,0,0,0
89803,89,48,4.99,0,1,6,0,4,1
692,570,63,4.99,0,1,0,0,1,0
626,960,77,4.99,0,1,9,0,2,1
7179,7004,86,4.99,0,1,2,0,0,0
7327,7007,88,4.99,0,1,6,1,0,0
910,50.75,25,4.98,0,1,6,2,1,2
463,87,46,4.98,0,1,5,2,3,1
7197,7004,86,4.98,0,1,1,0,0,0
736,43.5,21,4.97,0,1,3,2,2,1
127,53.5,28,4.97,0,1,0,0,0,0
166,60,32,4.97,0,1,0,0,3,1
98818,98,54,4.97,0,1,5,0,0,2
707,450,60,4.97,0,1,4,0,1,0
7080,7002,84,4.97,0,1,0,0,0,0
400083,7002,84,4.97,0,1,7,4,4,1
7140,7003,85,4.97,0,1,4,0,0,0
7286,7006,87,4.97,0,1,1,1,0,2
152,59,31,4.96,0,1,2,1,0,0
947,81,43,4.95,0,1,1,0,0,0
466,87,46,4.95,0,1,4,1,1,0
118,530,62,4.95,0,1,0,0,0,0
777,820,65,4.95,0,1,1,0,0,0
919,40,19,4.94,0,1,2,0,0,1
203,68.75,35,4.94,0,1,3,1,0,1
540,960,76,4.94,0,1,1,0,2,1
851,34,17,4.93,0,1,0,0,0,0
749,43.75,21,4.92,0,1,0,0,0,0
716,333,59,4.92,0,1,0,0,0,0
7280,7006,87,4.92,0,0,2,3,0,2
68,19,9,4.91,0,1,1,0,0,0
400090,23,12,4.91,0,1,11,5,5,3
27841,27,13,4.91,0,1,2,0,0,0
948,81,43,4.91,0,1,0,0,0,0
400877,505,61,4.91,0,1,0,1,3,0
778,820,65,4.91,0,1,0,0,0,0
888,51,25,4.9,0,1,9,0,2,0
12505,125,58,4.9,0,1,0,0,0,0
12517,125,58,4.9,0,1,0,0,0,0
668,570,63,4.9,0,1,0,1,3,0
512,960,76,4.9,0,1,5,0,0,0
7239,7006,87,4.9,0,0,2,2,1,1
69,19,9,4.89,0,1,1,0,1,1
889,51,25,4.89,0,1,10,1,0,0
11224,112,56,4.89,0,0,3,3,1,2
423,820,644,4.89,0,1,3,1,3,1
6508,65,34,4.88,0,0,1,0,0,0
202,68.75,35,4.88,0,1,3,1,0,1
107,333,59,4.88,0,1,4,0,2,1
689,570,63,4.88,0,1,0,0,1,0
615,960,77,4.88,0,1,0,0,0,0
576,91,50,4.87,0,1,10,1,1,0
499,960,76,4.87,0,1,0,0,1,0
7027,7001,83,4.87,0,0,1,3,3,1
7359,7007,88,4.87,0,1,1,0,0,0
186,68.5,35,4.86,0,1,0,1,1,2
484,95,52,4.86,0,1,1,0,0,0
12502,125,58,4.86,0,1,1,0,0,0
91,22.5,12,4.85,0,1,1,3,0,0
927,40,19,4.85,0,1,1,0,0,0
119,530,62,4.85,0,1,0,0,0,0
7051,7002,84,4.85,0,1,0,0,0,0
177,60,32,4.84,0,1,6,1,5,2
542,960,76,4.84,0,NA,2,0,1,0
400627,960,77,4.84,0,1,8,3,5,1
7015,7001,83,4.84,0,1,0,0,0,0
7081,7002,84,4.84,0,1,3,0,0,0
920,40,19,4.83,0,1,0,0,0,0
665,570,63,4.83,0,1,11,3,4,0
642,960,77,4.83,0,1,0,1,0,1
400144,7003,85,4.83,0,0,4,2,5,1
7303,7006,87,4.83,0,0,0,2,0,1
76,22,11,4.82,0,1,0,1,0,0
400183,60,32,4.82,0,1,11,4,5,2
397,79,39,4.82,0,1,5,1,3,0
400624,960,77,4.82,0,1,5,3,1,2
400126,7003,85,4.82,0,0,6,3,3,3
7246,7006,87,4.82,0,1,1,2,0,1
400297,7006,87,4.82,0,1,0,0,0,0
170,60,32,4.81,0,1,8,3,4,0
474,87,46,4.81,0,1,11,1,2,1
78335,78,40,4.8,0,1,5,0,0,1
782,88,47,4.8,0,1,0,0,0,0
408,820,64,4.8,0,1,5,0,1,0
543,960,76,4.8,0,NA,0,0,0,0
7283,7006,87,4.8,0,0,3,6,0,3
7328,7007,88,4.8,0,0,5,4,2,0
70,19,9,4.79,0,1,2,0,1,1
799,89,48,4.79,0,1,5,3,4,2
400017,100,55,4.79,0,0,1,1,2,1
764,820,65,4.79,0,1,0,0,0,0
403609,36,18,4.78,0,0,4,2,1,0
922,40,19,4.78,0,1,4,3,3,5
89807,89,48,4.78,0,1,2,0,2,1
7066,7002,84,4.78,0,1,1,0,0,0
731,43.5,21,4.77,0,1,8,3,3,0
220,69,35,4.77,0,1,6,1,3,1
89801,89,48,4.77,0,1,0,1,1,0
138,53.5,28,4.76,0,1,8,1,1,0
550,91.5,51,4.76,0,1,2,0,3,2
7255,7006,87,4.76,0,0,1,0,0,0
27836,27,13,4.75,0,1,1,0,0,0
737,43.5,21,4.75,0,1,9,3,4,2
738,43.5,21,4.75,0,1,2,5,1,3
140,53.5,28,4.75,0,1,3,0,2,0
144,59,31,4.75,0,1,5,1,1,1
150,59,31,4.75,0,1,7,1,2,0
98821,98,54,4.75,0,1,0,0,0,0
661,570,63,4.75,0,1,12,1,3,1
400640,960,77,4.75,0,1,10,2,5,0
420113,20,10,4.74,0,0,8,5,3,5
221,69,35,4.74,0,0,0,0,0,1
570,91,50,4.74,0,1,4,1,0,0
400021,7001,83,4.74,0,1,3,4,3,1
854,34,17,4.73,0,1,11,1,1,0
577,91,50,4.73,0,1,2,0,0,0
690,570,63,4.73,0,1,0,0,1,0
7061,7002,84,4.73,0,0,1,1,0,1
7332,7007,88,4.73,0,0,11,3,1,2
222,69,35,4.72,0,1,5,0,3,1
7009,7001,83,4.72,0,1,1,3,0,1
27822,27,13,4.71,0,1,2,0,0,0
890,51,25,4.71,0,1,1,1,1,0
394,79,39,4.71,0,NA,8,1,2,0
717,333,59,4.71,0,1,10,3,3,0
409,820,64,4.71,0,0,2,1,1,3
400427,820,64,4.71,0,1,12,1,4,2
7202,7004,86,4.71,0,0,2,0,0,0
342,78,39,4.7,0,1,6,5,3,2
798,89,48,4.7,0,1,6,1,1,1
704,450,60,4.7,0,1,0,2,1,0
530,960,76,4.7,0,1,3,0,0,0
71,19,9,4.69,0,0,3,0,0,1
941,81,43,4.69,0,1,4,0,3,0
944,81,43,4.69,0,1,2,0,0,0
89802,89,48,4.69,0,1,10,2,2,0
763,820,65,4.69,0,1,2,0,0,0
766,820,65,4.69,0,1,4,0,3,0
630,960,77,4.69,0,0,0,1,0,0
7048,7002,84,4.69,0,1,0,0,0,0
7243,7006,87,4.69,0,1,0,2,0,1
7294,7006,87,4.69,0,0,0,0,0,3
891,51,25,4.68,0,1,6,0,2,0
455,84,45,4.68,0,1,1,4,5,2
667,570,63,4.68,0,1,1,2,1,1
7186,7004,86,4.68,0,1,2,3,2,1
6522,65,34,4.67,0,1,1,1,1,2
599,88.5,48,4.67,0,0,4,0,2,2
400113,7003,85,4.67,0,0,4,5,3,1
85,22,11,4.66,0,1,2,4,0,0
913,50.75,25,4.66,0,1,5,0,0,0
493,95,52,4.66,0,1,3,0,1,0
110,333,59,4.66,0,1,0,0,0,0
691,570,63,4.66,0,1,0,0,1,0
400024,7001,83,4.66,0,1,10,5,6,2
6503,65,34,4.65,0,1,0,0,0,0
223,69,35,4.65,0,1,0,0,0,0
12501,125,58,4.65,0,0,8,0,2,0
684,570,63,4.65,0,0,0,0,1,0
7312,7006,87,4.65,0,0,0,2,0,1
400353,7007,88,4.65,0,0,12,2,4,1
752,43.75,21,4.64,0,1,1,0,0,0
171,60,32,4.64,0,1,5,0,3,0
224,69,35,4.64,0,1,10,6,5,5
528,960,76,4.64,0,1,0,0,0,0
7005,7001,83,4.64,0,1,4,4,3,3
7007,7001,83,4.64,0,1,1,0,1,0
7309,7006,87,4.64,0,0,3,2,1,1
7329,7007,88,4.64,0,0,10,5,2,0
44,12,7,4.63,0,1,0,0,1,0
403626,36,18,4.62,0,0,7,6,4,2
669,570,63,4.62,0,1,8,2,3,1
688,570,63,4.62,0,1,0,0,1,0
7111,7003,85,4.62,0,1,0,0,0,0
7254,7006,87,4.62,0,1,1,0,0,0
7394,7008,89,4.62,0,0,4,2,0,0
27829,27,13,4.61,0,1,0,0,0,0
8218,82,44,4.61,0,1,4,2,2,3
8224,82,44,4.61,0,1,1,0,0,0
8227,82,44,4.61,0,1,2,0,0,0
400260,7006,87,4.61,0,1,1,0,1,0
740,43.5,21,4.6,0,1,4,1,0,0
901,50.75,25,4.6,0,1,3,2,1,1
7273,7006,87,4.6,0,1,0,0,0,1
27831,27,13,4.59,0,1,0,0,0,0
27844,27,13,4.59,0,1,0,0,0,0
946,81,43,4.59,0,1,1,2,3,1
548,91.5,51,4.59,0,1,10,4,2,4
12510,125,58,4.59,0,0,4,2,1,1
101,333,59,4.59,0,1,3,6,3,2
715,333,59,4.59,0,1,0,0,0,0
25,12,7,4.58,0,1,1,0,0,0
623,960,77,4.58,0,1,1,3,2,1
847,34,17,4.57,0,1,3,2,2,1
137,53.5,28,4.57,0,1,2,0,1,0
614,960,77,4.57,0,NA,1,0,0,0
388,79,39,4.56,0,1,3,3,1,1
400109,7003,85,4.56,0,1,3,4,3,2
7203,7004,86,4.56,0,1,0,0,0,0
7366,7007,88,4.56,0,1,11,4,4,3
148,59,31,4.55,0,1,4,1,2,0
400164,60,32,4.55,0,1,3,5,4,1
400174,60,32,4.55,0,1,9,4,5,2
12507,125,58,4.55,0,0,2,1,1,0
29,12,7,4.54,0,1,6,1,1,3
5111,51,25,4.54,0,0,2,0,0,0
12508,125,58,4.54,0,1,5,2,1,0
104,333,59,4.54,0,1,1,5,2,4
7196,7004,86,4.54,0,1,1,0,0,0
7367,7007,88,4.54,0,1,9,4,4,1
96,22.5,12,4.53,0,1,1,1,2,0
783,88,47,4.53,0,1,1,0,3,0
11219,112,56,4.53,0,1,4,0,1,2
121,530,62,4.53,0,1,1,0,0,1
7170,7004,86,4.53,0,1,1,1,2,0
7171,7004,86,4.53,0,1,1,1,2,0
7290,7006,87,4.53,0,0,8,6,3,3
400926,40,19,4.52,0,1,1,1,2,1
442,84,45,4.52,0,1,10,0,2,1
7120,7003,85,4.52,0,1,0,0,0,0
348,78,39,4.51,0,1,0,0,0,2
97,22.5,12,4.5,0,1,6,5,5,4
27837,27,13,4.5,0,1,3,3,2,2
27843,27,13,4.5,0,1,7,1,2,0
743,43.5,21,4.5,0,1,7,4,4,0
470115,70,37,4.5,0,0,9,2,4,2
400476,87,46,4.5,0,1,6,2,2,3
7292,7006,87,4.5,0,0,2,3,0,0
7346,7007,88,4.5,0,1,6,0,1,0
411223,112,56,5.84,0,1,8,2,6,5
450712,50,24,NA,0,1,6,3,0,4
8236,82,44,3.49,0,1,9,4,1,3
499619,996,79,3.41,0,0,4,1,4,1
400304,3,1,3.39,0,1,12,5,5,4
404712,47,23,3.3,0,NA,12,5,6,2
319,3,1,3.17,0,1,1,5,1,1
92227,922,71,3.12,0,1,0,3,2,1
9612,96,53,3.1,0,1,2,4,1,2
92229,922,71,3.09,0,1,0,1,1,0
92202,922,71,3.03,0,1,5,5,3,3
92207,922,71,2.97,0,1,6,5,4,2
92201,922,71,2.91,0,1,0,6,5,3
92203,922,71,2.8,0,1,9,5,3,3
492221,922,71,2.79,0,1,9,3,5,1
92205,922,71,2.78,0,1,2,4,3,2
492314,923,72,2.68,0,0,12,5,3,1
92309,923,72,2.66,0,1,10,4,2,3
92311,923,72,2.65,0,1,0,4,2,0
92313,923,72,2.5,0,1,0,4,2,2
650,41,20,4.49,0,1,3,2,1,4
400647,41,20,4.49,0,1,4,5,3,4
677,570,63,4.48,0,1,12,1,3,5
7326,7007,88,4.48,0,1,2,4,2,1
226,69,35,4.45,0,1,9,3,5,2
6506,65,34,4.44,0,1,10,1,3,0
400228,69,35,4.44,0,0,5,3,3,4
408221,82,44,4.44,0,1,3,3,3,0
433,84,45,4.44,0,1,10,4,4,5
7088,7002,84,4.44,0,1,1,2,1,2
860,34,17,4.42,0,1,3,4,3,1
400136,7003,85,4.42,0,1,3,1,2,4
408238,82,44,4.41,0,1,9,5,3,3
432,84,45,4.41,0,0,10,2,2,1
670,570,63,4.41,0,1,2,1,1,0
497,960,76,4.41,0,1,0,0,0,1
400609,960,77,4.41,0,1,8,3,2,2
7127,7003,85,4.41,0,1,0,0,0,0
727,333,59,4.39,0,1,10,5,6,4
475,87,46,4.38,0,1,4,0,1,1
470122,70,37,4.37,0,0,4,5,4,3
78336,78,40,4.37,0,1,3,1,1,2
400874,505,61,4.37,0,1,8,4,4,2
649,41,20,4.36,0,1,0,0,0,3
673,570,63,4.36,0,1,10,4,3,1
648,41,20,4.35,0,1,1,1,1,0
375,79,39,4.35,0,1,3,0,0,4
448,84,45,4.35,0,1,1,1,1,1
8247,82,44,4.34,0,1,9,2,0,2
400102,7003,85,4.33,0,1,4,2,3,2
7392,7008,89,4.33,0,1,8,4,4,4
7393,7008,89,4.33,0,1,1,1,2,3
400858,34,17,4.32,0,1,8,1,0,4
400400,7008,89,4.32,0,1,11,3,4,2
8,9,4,4.31,0,1,11,2,1,0
450806,50,24,4.31,0,0,1,4,2,3
197,68.75,35,4.31,0,1,4,1,2,2
400,820,64,4.31,0,0,3,1,3,3
400261,7006,87,4.31,0,1,0,0,0,1
403639,36,18,4.3,0,0,10,2,3,5
589,91,50,4.3,0,NA,9,4,2,3
400604,960,77,4.3,0,1,8,4,5,2
99710,997,80,4.29,0,0,1,0,0,1
499716,997,80,4.27,0,0,3,2,1,1
405147,51,25,4.26,0,0,8,5,6,6
470124,70,37,4.24,0,0,8,0,1,3
7077,7002,84,4.24,0,0,0,1,1,1
7193,7004,86,4.23,0,1,1,2,1,0
7298,7006,87,4.23,0,0,0,0,1,0
7340,7007,88,4.23,0,1,11,2,3,3
400143,7003,85,4.21,0,1,7,3,6,1
7250,7006,87,4.21,0,0,10,5,5,3
460132,60,32,4.17,0,0,10,1,2,0
6519,65,34,4.16,0,1,5,4,3,1
99807,998,81,4.14,0,0,1,0,0,0
99809,998,81,4.11,0,0,0,2,0,4
425,820,64,4.1,0,1,0,0,0,1
99820,998,81,4.08,0,0,9,2,3,3
499817,998,81,4.04,0,0,8,4,3,3
404505,45,22,4.03,0,1,11,5,2,4
4501,45,22,4.02,0,1,3,2,2,2
8249,82,44,4.01,0,0,0,0,0,1
99815,998,81,3.97,0,0,8,3,3,2
317,3,1,3.95,0,1,9,4,5,1
5149,51,25,3.94,0,0,1,1,0,3
410103,10,6,3.88,0,0,4,3,4,4
99517,995,78,3.88,0,0,8,4,4,3
99520,995,78,3.84,0,0,2,1,1,1
4521,45,22,3.83,0,1,3,2,1,4
5153,51,25,3.83,0,0,6,5,1,3
99519,995,78,3.83,0,0,9,1,2,1
313,3,1,3.81,0,1,2,3,0,2
315,3,1,3.78,0,1,11,4,3,5
3637,36,18,3.78,0,0,0,1,0,0
499623,996,79,3.77,0,0,10,3,2,1
8260,82,44,3.75,0,1,5,3,2,1
92209,922,71,3.72,0,1,0,0,0,1
99604,996,79,3.72,0,0,0,1,1,0
405128,51,25,3.7,0,1,6,5,4,2
9611,96,53,3.67,0,0,12,6,4,2
403630,36,18,3.66,0,0,11,3,2,6
5119,51,25,3.63,0,0,8,5,5,2
9601,96,53,3.62,0,1,0,3,0,5
92214,922,71,3.62,0,1,2,2,1,2
337,3,1,3.57,0,1,2,2,0,0
8011,80,41,3.56,0,1,0,0,1,1
308,3,1,3.55,0,1,8,2,1,1
99614,996,79,3.53,0,0,0,0,1,1
99612,996,79,3.52,0,0,0,0,0,0
403619,36,18,5.43,0,0,6,3,2,5
430108,30,14,5.38,0,0,2,4,3,2
420111,20,10,5.25,0,0,3,3,2,1
498,960,76,5.25,0,1,0,2,0,0
86,22.5,12,5.24,0,1,7,6,3,2
723,333,59,5.24,0,1,4,0,0,3
853,34,17,5.23,0,1,2,3,0,5
371,78.5,39,5.23,0,1,0,0,0,0
401,820,64,5.22,0,0,0,0,0,2
400418,820,64,5.22,0,1,4,4,3,1
108,333,59,5.21,0,1,1,5,3,4
880,51,25,5.2,0,1,8,1,1,2
478,95,52,5.2,0,1,9,0,0,3
206,68.75,35,5.18,0,1,1,0,2,1
479,95,52,5.17,0,1,5,1,5,3
400850,34,17,5.15,0,1,11,1,1,4
400852,34,17,5.15,0,1,5,3,0,5
7285,7006,87,5.13,0,1,0,0,0,2
7302,7006,87,5.12,0,0,1,2,3,1
98810,98,54,5.1,0,1,4,0,0,0
7245,7006,87,5.09,0,1,3,0,2,1
535,960,76,5.08,0,1,4,0,2,1
205,68.75,35,5.05,0,1,5,5,3,2
12512,125,58,5.04,0,0,7,4,4,4
672,570,63,5.04,0,1,4,2,1,0
7149,7004,86,5.04,0,1,7,0,1,0
671,570,63,5.03,0,1,10,1,2,0
516,960,76,5.02,0,1,7,1,0,1
88,22.5,12,5.01,0,1,8,1,0,1
547,91.5,51,4.99,0,1,2,3,2,1
122,530,62,4.99,0,1,1,1,0,1
675,570,63,4.99,0,1,8,3,1,5
7046,7002,84,4.99,0,1,0,0,0,0
653,41,20,4.98,0,1,0,3,2,2
67,19,9,4.97,0,1,7,1,3,5
11214,112,56,4.96,0,1,2,3,5,5
7363,7007,88,4.96,0,1,11,1,3,2
7405,7008,89,4.96,0,1,1,1,0,0
680,570,63,4.95,0,1,3,4,1,4
400256,7006,87,4.95,0,1,6,3,1,1
709,450,60,4.94,0,1,4,1,1,2
400430,84,45,4.93,0,1,1,3,3,0
406,820,64,4.93,0,1,6,1,3,4
450107,50,24,4.92,0,1,6,2,2,4
216,69,35,4.91,0,1,1,0,0,1
376,79,39,4.91,0,1,1,0,1,4
631,960,77,4.91,0,1,7,0,2,1
7096,7003,85,4.91,0,1,3,1,2,2
3608,36,18,4.9,0,0,4,1,1,0
400110,7003,85,4.9,0,1,5,2,3,0
656,41,20,4.89,0,1,2,0,0,3
7304,7006,87,4.89,0,0,6,1,0,1
410316,10,6,4.88,0,0,5,5,6,4
928,40,19,4.87,0,1,1,3,1,1
400390,79,39,4.87,0,1,9,1,3,5
7343,7007,88,4.87,0,1,0,1,1,2
728,43.5,21,4.86,0,1,6,4,4,1
7319,7006,87,4.86,0,1,1,4,1,3
905,50.75,25,4.84,0,1,10,3,3,2
8211,82,44,4.84,0,1,1,0,0,0
73,22,11,4.82,0,1,0,0,0,2
12530,125,58,4.82,0,1,3,1,1,0
633,960,77,4.82,0,1,1,0,0,1
450818,50,24,4.8,0,1,6,2,4,4
400431,84,45,4.8,0,1,1,4,3,1
651,41,20,4.78,0,1,3,2,2,0
345,78,39,4.78,0,1,4,4,3,2
8225,82,44,4.78,0,0,2,0,0,0
400606,960,77,4.78,0,1,6,5,4,3
7129,7003,85,4.78,0,1,1,0,0,1
750,43.75,21,4.77,0,NA,1,0,0,0
6514,65,34,4.77,0,1,11,0,1,1
912,50.75,25,4.76,0,1,2,0,1,2
417,820,64,4.76,0,1,2,0,2,1
379,79,39,4.74,0,1,2,2,1,5
7410,7008,89,4.74,0,1,0,0,0,0
343,78,39,4.73,0,1,0,0,0,0
400613,960,77,4.73,0,1,12,5,5,4
7130,7003,85,4.73,0,1,1,2,1,0
7401,7008,89,4.73,0,0,9,0,3,0
7052,7002,84,4.72,0,0,8,3,5,3
7354,7007,88,4.72,0,1,2,3,1,2
400072,22,11,4.71,0,1,3,4,1,1
400846,34,17,4.71,0,1,8,4,6,1
399,79,39,4.71,0,NA,1,0,0,1
518,960,76,4.71,0,1,0,0,0,0
711,450,60,4.7,0,1,1,4,2,2
400138,7003,85,4.69,0,1,8,5,5,4
645,41,20,4.68,0,1,0,0,0,1
78339,78,40,4.67,0,1,0,1,0,1
12506,125,58,4.67,0,1,7,1,1,1
162,60,32,4.66,0,1,4,3,5,1
7339,7007,88,4.66,0,1,7,5,3,2
3612,36,18,4.65,0,0,1,1,2,0
78,22,11,4.64,0,1,4,1,0,0
94,22.5,12,4.64,0,1,2,4,3,1
490603,90,49,4.64,0,0,9,2,2,0
400396,7008,89,4.64,0,0,7,4,2,3
708,450,60,4.62,0,1,3,3,1,3
7073,7002,84,4.62,0,1,4,1,2,2
902,50.75,25,4.61,0,1,1,0,0,1
632,960,77,4.61,0,1,0,0,1,0
7045,7002,84,4.61,0,1,3,0,0,1
7284,7006,87,4.61,0,NA,0,2,1,2
7316,7006,87,4.6,0,0,2,3,1,1
200,68.75,35,4.59,0,NA,3,1,0,1
445,84,45,4.59,0,1,2,3,0,2
482,95,52,4.59,0,1,9,4,4,2
410204,10,6,4.57,0,0,4,3,3,1
490710,90,49,4.57,0,0,1,2,3,1
503,960,76,4.57,0,1,6,0,2,1
7128,7003,85,4.57,0,1,0,0,0,0
341,78,39,4.56,0,1,2,0,1,0
116,530,62,4.53,0,1,5,0,1,2
511,960,76,4.53,0,1,2,2,0,0
7237,7006,87,4.52,0,1,1,0,0,0
7112,7003,85,4.51,0,1,0,1,0,0
