{"variants": {"pessimistic": [{"dev_col": "green", "temp_col": "green", "node_value": 0, "percent": [0.085, 0.04, 0.015, 0.005, 0.01, 0.005, 0.005, 0.0, 0.0, 0.0, 0.0, 0.0, 0.0, 0.0, 0.0, 0.0, 0.0, 0.0, 0.0, 0.0, 0.0, 0.0, 0.0, 0.0, 0.0, 0.0, 0.0, 0.0, 0.0, 0.0, 0.0, 0.0, 0.0, 0.0, 0.0, 0.0, 0.0, 0.0, 0.0, 0.0, 0.0, 0.0, 0.0, 0.0, 0.0, 0.0, 0.0, 0.0, 0.0, 0.0, 0.0], "house_col": "green", "id": 0, "size": [17, 8, 3, 1, 2, 1, 1, 0, 0, 0, 0, 0, 0, 0, 0, 0, 0, 0, 0, 0, 0, 0, 0, 0, 0, 0, 0, 0, 0, 0, 0, 0, 0, 0, 0, 0, 0, 0, 0, 0, 0, 0, 0, 0, 0, 0, 0, 0, 0, 0, 0]}, {"dev_col": "yellow", "temp_col": "green", "node_value": 1, "percent": [0.005, 0.0, 0.02, 0.01, 0.015, 0.005, 0.005, 0.0, 0.0, 0.0, 0.0, 0.005, 0.0, 0.0, 0.0, 0.0, 0.0, 0.0, 0.0, 0.0, 0.01, 0.0, 0.0, 0.0, 0.0, 0.0, 0.0, 0.0, 0.0, 0.0, 0.005, 0.0, 0.0, 0.0, 0.0, 0.0, 0.0, 0.0, 0.0, 0.0, 0.0, 0.0, 0.0, 0.0, 0.0, 0.0, 0.0, 0.0, 0.0, 0.0, 0.0], "house_col": "green", "id": 1, "size": [1, 0, 4, 2, 3, 1, 1, 0, 0, 0, 0, 1, 0, 0, 0, 0, 0, 0, 0, 0, 2, 0, 0, 0, 0, 0, 0, 0, 0, 0, 1, 0, 0, 0, 0, 0, 0, 0, 0, 0, 0, 0, 0, 0, 0, 0, 0, 0, 0, 0, 0]}, {"dev_col": "red", "temp_col": "green", "node_value": 2, "percent": [0.0, 0.0, 0.015, 0.005, 0.005, 0.0, 0.005, 0.015, 0.005, 0.0, 0.0, 0.0, 0.01, 0.0, 0.01, 0.0, 0.0, 0.0, 0.0, 0.0, 0.0, 0.005, 0.005, 0.01, 0.01, 0.0, 0.0, 0.0, 0.005, 0.005, 0.0, 0.005, 0.0, 0.005, 0.005, 0.0, 0.0, 0.0, 0.005, 0.0, 0.0, 0.0, 0.0, 0.0, 0.005, 0.005, 0.005, 0.0, 0.0, 0.005, 0.0], "house_col": "green", "id": 2, "size": [0, 0, 3, 1, 1, 0, 1, 3, 1, 0, 0, 0, 2, 0, 2, 0, 0, 0, 0, 0, 0, 1, 1, 2, 2, 0, 0, 0, 1, 1, 0, 1, 0, 1, 1, 0, 0, 0, 1, 0, 0, 0, 0, 0, 1, 1, 1, 0, 0, 1, 0]}, {"dev_col": "green", "temp_col": "yellow", "node_value": 3, "percent": [0.045, 0.015, 0.02, 0.015, 0.0, 0.005, 0.0, 0.0, 0.0, 0.005, 0.0, 0.0, 0.0, 0.0, 0.0, 0.0, 0.0, 0.0, 0.0, 0.0, 0.0, 0.0, 0.0, 0.0, 0.0, 0.0, 0.0, 0.0, 0.0, 0.0, 0.0, 0.0, 0.0, 0.0, 0.0, 0.0, 0.0, 0.0, 0.0, 0.0, 0.0, 0.0, 0.0, 0.0, 0.0, 0.0, 0.0, 0.0, 0.0, 0.0, 0.005], "house_col": "green", "id": 3, "size": [9, 3, 4, 3, 0, 1, 0, 0, 0, 1, 0, 0, 0, 0, 0, 0, 0, 0, 0, 0, 0, 0, 0, 0, 0, 0, 0, 0, 0, 0, 0, 0, 0, 0, 0, 0, 0, 0, 0, 0, 0, 0, 0, 0, 0, 0, 0, 0, 0, 0, 1]}, {"dev_col": "yellow", "temp_col": "yellow", "node_value": 4, "percent": [0.0, 0.035, 0.025, 0.02, 0.01, 0.0, 0.005, 0.0, 0.0, 0.0, 0.0, 0.0, 0.0, 0.0, 0.0, 0.0, 0.0, 0.0, 0.0, 0.0, 0.0, 0.0, 0.0, 0.0, 0.0, 0.0, 0.0, 0.0, 0.0, 0.005, 0.0, 0.0, 0.0, 0.0, 0.0, 0.0, 0.0, 0.0, 0.01, 0.0, 0.0, 0.0, 0.0, 0.0, 0.0, 0.005, 0.0, 0.0, 0.0, 0.0, 0.0], "house_col": "green", "id": 4, "size": [0, 7, 5, 4, 2, 0, 1, 0, 0, 0, 0, 0, 0, 0, 0, 0, 0, 0, 0, 0, 0, 0, 0, 0, 0, 0, 0, 0, 0, 1, 0, 0, 0, 0, 0, 0, 0, 0, 2, 0, 0, 0, 0, 0, 0, 1, 0, 0, 0, 0, 0]}, {"dev_col": "red", "temp_col": "yellow", "node_value": 5, "percent": [0.0, 0.0, 0.005, 0.01, 0.02, 0.02, 0.01, 0.005, 0.005, 0.015, 0.005, 0.01, 0.01, 0.01, 0.0, 0.01, 0.01, 0.0, 0.0, 0.005, 0.005, 0.005, 0.0, 0.005, 0.005, 0.01, 0.0, 0.005, 0.0, 0.0, 0.005, 0.0, 0.005, 0.0, 0.0, 0.02, 0.005, 0.01, 0.005, 0.005, 0.0, 0.0, 0.005, 0.005, 0.005, 0.0, 0.0, 0.005, 0.01, 0.005, 0.0], "house_col": "green", "id": 5, "size": [0, 0, 1, 2, 4, 4, 2, 1, 1, 3, 1, 2, 2, 2, 0, 2, 2, 0, 0, 1, 1, 1, 0, 1, 1, 2, 0, 1, 0, 0, 1, 0, 1, 0, 0, 4, 1, 2, 1, 1, 0, 0, 1, 1, 1, 0, 0, 1, 2, 1, 0]}, {"dev_col": "green", "temp_col": "red", "node_value": 6, "percent": [0.01, 0.02, 0.0, 0.005, 0.01, 0.0, 0.005, 0.005, 0.005, 0.0, 0.005, 0.0, 0.0, 0.005, 0.005, 0.005, 0.005, 0.0, 0.0, 0.0, 0.0, 0.0, 0.0, 0.0, 0.0, 0.0, 0.0, 0.0, 0.0, 0.005, 0.0, 0.0, 0.0, 0.0, 0.0, 0.0, 0.0, 0.0, 0.005, 0.0, 0.01, 0.0, 0.0, 0.0, 0.0, 0.005, 0.0, 0.0, 0.01, 0.0, 0.005], "house_col": "green", "id": 6, "size": [2, 4, 0, 1, 2, 0, 1, 1, 1, 0, 1, 0, 0, 1, 1, 1, 1, 0, 0, 0, 0, 0, 0, 0, 0, 0, 0, 0, 0, 1, 0, 0, 0, 0, 0, 0, 0, 0, 1, 0, 2, 0, 0, 0, 0, 1, 0, 0, 2, 0, 1]}, {"dev_col": "yellow", "temp_col": "red", "node_value": 7, "percent": [0.0, 0.015, 0.03, 0.025, 0.005, 0.005, 0.0, 0.005, 0.0, 0.0, 0.005, 0.0, 0.01, 0.005, 0.0, 0.015, 0.005, 0.005, 0.0, 0.01, 0.015, 0.005, 0.005, 0.0, 0.01, 0.0, 0.0, 0.0, 0.005, 0.0, 0.005, 0.0, 0.0, 0.005, 0.0, 0.0, 0.005, 0.01, 0.0, 0.005, 0.0, 0.015, 0.005, 0.0, 0.0, 0.005, 0.01, 0.005, 0.0, 0.005, 0.01], "house_col": "green", "id": 7, "size": [0, 3, 6, 5, 1, 1, 0, 1, 0, 0, 1, 0, 2, 1, 0, 3, 1, 1, 0, 2, 3, 1, 1, 0, 2, 0, 0, 0, 1, 0, 1, 0, 0, 1, 0, 0, 1, 2, 0, 1, 0, 3, 1, 0, 0, 1, 2, 1, 0, 1, 2]}, {"dev_col": "red", "temp_col": "red", "node_value": 8, "percent": [0.0, 0.0, 0.03, 0.04, 0.035, 0.025, 0.03, 0.04, 0.015, 0.04, 0.03, 0.045, 0.035, 0.04, 0.04, 0.04, 0.03, 0.035, 0.045, 0.04, 0.03, 0.035, 0.045, 0.02, 0.03, 0.03, 0.015, 0.03, 0.025, 0.055, 0.035, 0.02, 0.04, 0.05, 0.05, 0.04, 0.02, 0.03, 0.025, 0.03, 0.02, 0.02, 0.045, 0.05, 0.05, 0.05, 0.055, 0.045, 0.045, 0.04, 0.04], "house_col": "green", "id": 8, "size": [0, 0, 6, 8, 7, 5, 6, 8, 3, 8, 6, 9, 7, 8, 8, 8, 6, 7, 9, 8, 6, 7, 9, 4, 6, 6, 3, 6, 5, 11, 7, 4, 8, 10, 10, 8, 4, 6, 5, 6, 4, 4, 9, 10, 10, 10, 11, 9, 9, 8, 8]}, {"dev_col": "green", "temp_col": "green", "node_value": 9, "percent": [0.1, 0.02, 0.0, 0.01, 0.0, 0.01, 0.0, 0.0, 0.0, 0.0, 0.0, 0.0, 0.0, 0.005, 0.0, 0.0, 0.0, 0.0, 0.0, 0.005, 0.0, 0.0, 0.0, 0.0, 0.0, 0.0, 0.0, 0.0, 0.0, 0.0, 0.0, 0.0, 0.0, 0.0, 0.0, 0.0, 0.0, 0.0, 0.0, 0.0, 0.0, 0.0, 0.0, 0.005, 0.0, 0.0, 0.0, 0.0, 0.0, 0.0, 0.0], "house_col": "yellow", "id": 9, "size": [20, 4, 0, 2, 0, 2, 0, 0, 0, 0, 0, 0, 0, 1, 0, 0, 0, 0, 0, 1, 0, 0, 0, 0, 0, 0, 0, 0, 0, 0, 0, 0, 0, 0, 0, 0, 0, 0, 0, 0, 0, 0, 0, 1, 0, 0, 0, 0, 0, 0, 0]}, {"dev_col": "yellow", "temp_col": "green", "node_value": 10, "percent": [0.015, 0.04, 0.02, 0.025, 0.01, 0.0, 0.005, 0.005, 0.0, 0.0, 0.0, 0.0, 0.0, 0.0, 0.0, 0.0, 0.0, 0.005, 0.0, 0.0, 0.0, 0.0, 0.0, 0.0, 0.0, 0.0, 0.0, 0.0, 0.0, 0.0, 0.0, 0.0, 0.0, 0.0, 0.0, 0.0, 0.0, 0.005, 0.0, 0.0, 0.0, 0.0, 0.0, 0.0, 0.0, 0.0, 0.0, 0.0, 0.0, 0.0, 0.0], "house_col": "yellow", "id": 10, "size": [3, 8, 4, 5, 2, 0, 1, 1, 0, 0, 0, 0, 0, 0, 0, 0, 0, 1, 0, 0, 0, 0, 0, 0, 0, 0, 0, 0, 0, 0, 0, 0, 0, 0, 0, 0, 0, 1, 0, 0, 0, 0, 0, 0, 0, 0, 0, 0, 0, 0, 0]}, {"dev_col": "red", "temp_col": "green", "node_value": 11, "percent": [0.0, 0.0, 0.01, 0.02, 0.025, 0.01, 0.015, 0.015, 0.015, 0.0, 0.01, 0.01, 0.005, 0.01, 0.005, 0.0, 0.0, 0.005, 0.005, 0.01, 0.005, 0.0, 0.02, 0.005, 0.005, 0.0, 0.005, 0.01, 0.0, 0.0, 0.0, 0.0, 0.005, 0.0, 0.005, 0.005, 0.005, 0.005, 0.01, 0.0, 0.0, 0.005, 0.015, 0.005, 0.0, 0.01, 0.005, 0.01, 0.005, 0.005, 0.005], "house_col": "yellow", "id": 11, "size": [0, 0, 2, 4, 5, 2, 3, 3, 3, 0, 2, 2, 1, 2, 1, 0, 0, 1, 1, 2, 1, 0, 4, 1, 1, 0, 1, 2, 0, 0, 0, 0, 1, 0, 1, 1, 1, 1, 2, 0, 0, 1, 3, 1, 0, 2, 1, 2, 1, 1, 1]}, {"dev_col": "green", "temp_col": "yellow", "node_value": 12, "percent": [0.07, 0.055, 0.03, 0.0, 0.0, 0.01, 0.005, 0.0, 0.0, 0.0, 0.0, 0.0, 0.0, 0.0, 0.005, 0.0, 0.005, 0.0, 0.005, 0.0, 0.0, 0.0, 0.0, 0.0, 0.0, 0.0, 0.0, 0.005, 0.0, 0.0, 0.0, 0.0, 0.0, 0.0, 0.0, 0.0, 0.0, 0.0, 0.0, 0.0, 0.0, 0.0, 0.0, 0.0, 0.01, 0.0, 0.0, 0.0, 0.0, 0.0, 0.0], "house_col": "yellow", "id": 12, "size": [14, 11, 6, 0, 0, 2, 1, 0, 0, 0, 0, 0, 0, 0, 1, 0, 1, 0, 1, 0, 0, 0, 0, 0, 0, 0, 0, 1, 0, 0, 0, 0, 0, 0, 0, 0, 0, 0, 0, 0, 0, 0, 0, 0, 2, 0, 0, 0, 0, 0, 0]}, {"dev_col": "yellow", "temp_col": "yellow", "node_value": 13, "percent": [0.0, 0.01, 0.01, 0.01, 0.005, 0.005, 0.005, 0.0, 0.005, 0.0, 0.0, 0.005, 0.0, 0.0, 0.01, 0.0, 0.0, 0.0, 0.0, 0.005, 0.0, 0.0, 0.0, 0.0, 0.0, 0.0, 0.0, 0.0, 0.005, 0.0, 0.0, 0.005, 0.0, 0.0, 0.0, 0.0, 0.0, 0.0, 0.0, 0.005, 0.0, 0.0, 0.0, 0.005, 0.0, 0.0, 0.005, 0.0, 0.0, 0.0, 0.0], "house_col": "yellow", "id": 13, "size": [0, 2, 2, 2, 1, 1, 1, 0, 1, 0, 0, 1, 0, 0, 2, 0, 0, 0, 0, 1, 0, 0, 0, 0, 0, 0, 0, 0, 1, 0, 0, 1, 0, 0, 0, 0, 0, 0, 0, 1, 0, 0, 0, 1, 0, 0, 1, 0, 0, 0, 0]}, {"dev_col": "red", "temp_col": "yellow", "node_value": 14, "percent": [0.0, 0.005, 0.0, 0.025, 0.02, 0.03, 0.01, 0.01, 0.015, 0.015, 0.02, 0.0, 0.015, 0.035, 0.005, 0.02, 0.015, 0.015, 0.0, 0.005, 0.01, 0.025, 0.02, 0.01, 0.015, 0.015, 0.005, 0.005, 0.0, 0.01, 0.015, 0.0, 0.015, 0.015, 0.015, 0.005, 0.01, 0.005, 0.0, 0.015, 0.01, 0.015, 0.01, 0.005, 0.005, 0.005, 0.005, 0.0, 0.005, 0.01, 0.015], "house_col": "yellow", "id": 14, "size": [0, 1, 0, 5, 4, 6, 2, 2, 3, 3, 4, 0, 3, 7, 1, 4, 3, 3, 0, 1, 2, 5, 4, 2, 3, 3, 1, 1, 0, 2, 3, 0, 3, 3, 3, 1, 2, 1, 0, 3, 2, 3, 2, 1, 1, 1, 1, 0, 1, 2, 3]}, {"dev_col": "green", "temp_col": "red", "node_value": 15, "percent": [0.055, 0.035, 0.035, 0.005, 0.01, 0.02, 0.01, 0.015, 0.01, 0.0, 0.0, 0.005, 0.01, 0.015, 0.005, 0.0, 0.01, 0.005, 0.005, 0.0, 0.005, 0.01, 0.005, 0.0, 0.005, 0.0, 0.01, 0.0, 0.0, 0.005, 0.005, 0.01, 0.0, 0.0, 0.0, 0.0, 0.0, 0.0, 0.0, 0.01, 0.0, 0.0, 0.005, 0.005, 0.005, 0.005, 0.005, 0.015, 0.005, 0.01, 0.005], "house_col": "yellow", "id": 15, "size": [11, 7, 7, 1, 2, 4, 2, 3, 2, 0, 0, 1, 2, 3, 1, 0, 2, 1, 1, 0, 1, 2, 1, 0, 1, 0, 2, 0, 0, 1, 1, 2, 0, 0, 0, 0, 0, 0, 0, 2, 0, 0, 1, 1, 1, 1, 1, 3, 1, 2, 1]}, {"dev_col": "yellow", "temp_col": "red", "node_value": 16, "percent": [0.015, 0.01, 0.03, 0.02, 0.03, 0.01, 0.015, 0.01, 0.01, 0.01, 0.015, 0.03, 0.005, 0.01, 0.0, 0.005, 0.01, 0.02, 0.015, 0.005, 0.0, 0.01, 0.0, 0.005, 0.005, 0.0, 0.01, 0.025, 0.03, 0.005, 0.005, 0.005, 0.015, 0.005, 0.005, 0.005, 0.015, 0.005, 0.005, 0.005, 0.005, 0.0, 0.01, 0.005, 0.0, 0.005, 0.015, 0.015, 0.01, 0.015, 0.0], "house_col": "yellow", "id": 16, "size": [3, 2, 6, 4, 6, 2, 3, 2, 2, 2, 3, 6, 1, 2, 0, 1, 2, 4, 3, 1, 0, 2, 0, 1, 1, 0, 2, 5, 6, 1, 1, 1, 3, 1, 1, 1, 3, 1, 1, 1, 1, 0, 2, 1, 0, 1, 3, 3, 2, 3, 0]}, {"dev_col": "red", "temp_col": "red", "node_value": 17, "percent": [0.0, 0.005, 0.0, 0.015, 0.035, 0.075, 0.07, 0.065, 0.095, 0.055, 0.07, 0.06, 0.065, 0.04, 0.065, 0.06, 0.075, 0.075, 0.065, 0.065, 0.085, 0.085, 0.055, 0.085, 0.075, 0.06, 0.095, 0.06, 0.085, 0.05, 0.1, 0.16, 0.11, 0.085, 0.07, 0.055, 0.1, 0.1, 0.08, 0.055, 0.09, 0.075, 0.07, 0.095, 0.105, 0.08, 0.055, 0.055, 0.07, 0.085, 0.06], "house_col": "yellow", "id": 17, "size": [0, 1, 0, 3, 7, 15, 14, 13, 19, 11, 14, 12, 13, 8, 13, 12, 15, 15, 13, 13, 17, 17, 11, 17, 15, 12, 19, 12, 17, 10, 20, 32, 22, 17, 14, 11, 20, 20, 16, 11, 18, 15, 14, 19, 21, 16, 11, 11, 14, 17, 12]}, {"dev_col": "green", "temp_col": "green", "node_value": 18, "percent": [0.175, 0.085, 0.07, 0.035, 0.025, 0.02, 0.01, 0.01, 0.005, 0.0, 0.01, 0.02, 0.015, 0.005, 0.005, 0.0, 0.0, 0.0, 0.0, 0.0, 0.0, 0.0, 0.0, 0.0, 0.005, 0.0, 0.01, 0.005, 0.0, 0.0, 0.01, 0.0, 0.005, 0.0, 0.0, 0.01, 0.0, 0.005, 0.0, 0.005, 0.0, 0.0, 0.0, 0.005, 0.0, 0.0, 0.0, 0.0, 0.0, 0.0, 0.0], "house_col": "red", "id": 18, "size": [35, 17, 14, 7, 5, 4, 2, 2, 1, 0, 2, 4, 3, 1, 1, 0, 0, 0, 0, 0, 0, 0, 0, 0, 1, 0, 2, 1, 0, 0, 2, 0, 1, 0, 0, 2, 0, 1, 0, 1, 0, 0, 0, 1, 0, 0, 0, 0, 0, 0, 0]}, {"dev_col": "yellow", "temp_col": "green", "node_value": 19, "percent": [0.025, 0.085, 0.04, 0.03, 0.04, 0.025, 0.015, 0.02, 0.02, 0.01, 0.005, 0.005, 0.005, 0.02, 0.005, 0.0, 0.005, 0.01, 0.01, 0.0, 0.0, 0.005, 0.005, 0.01, 0.0, 0.015, 0.0, 0.005, 0.01, 0.01, 0.0, 0.01, 0.0, 0.005, 0.005, 0.0, 0.005, 0.005, 0.01, 0.0, 0.015, 0.005, 0.005, 0.005, 0.01, 0.0, 0.0, 0.0, 0.01, 0.0, 0.005], "house_col": "red", "id": 19, "size": [5, 17, 8, 6, 8, 5, 3, 4, 4, 2, 1, 1, 1, 4, 1, 0, 1, 2, 2, 0, 0, 1, 1, 2, 0, 3, 0, 1, 2, 2, 0, 2, 0, 1, 1, 0, 1, 1, 2, 0, 3, 1, 1, 1, 2, 0, 0, 0, 2, 0, 1]}, {"dev_col": "red", "temp_col": "green", "node_value": 20, "percent": [0.0, 0.01, 0.035, 0.05, 0.055, 0.05, 0.08, 0.075, 0.075, 0.075, 0.07, 0.06, 0.055, 0.055, 0.065, 0.055, 0.07, 0.05, 0.075, 0.06, 0.05, 0.055, 0.055, 0.045, 0.045, 0.05, 0.035, 0.05, 0.05, 0.045, 0.035, 0.035, 0.04, 0.03, 0.045, 0.04, 0.045, 0.05, 0.045, 0.06, 0.055, 0.045, 0.025, 0.025, 0.03, 0.035, 0.035, 0.04, 0.035, 0.055, 0.06], "house_col": "red", "id": 20, "size": [0, 2, 7, 10, 11, 10, 16, 15, 15, 15, 14, 12, 11, 11, 13, 11, 14, 10, 15, 12, 10, 11, 11, 9, 9, 10, 7, 10, 10, 9, 7, 7, 8, 6, 9, 8, 9, 10, 9, 12, 11, 9, 5, 5, 6, 7, 7, 8, 7, 11, 12]}, {"dev_col": "green", "temp_col": "yellow", "node_value": 21, "percent": [0.195, 0.145, 0.065, 0.05, 0.025, 0.025, 0.02, 0.015, 0.01, 0.02, 0.01, 0.02, 0.01, 0.01, 0.01, 0.01, 0.01, 0.005, 0.0, 0.0, 0.005, 0.005, 0.0, 0.0, 0.005, 0.0, 0.005, 0.01, 0.005, 0.0, 0.0, 0.005, 0.005, 0.01, 0.01, 0.005, 0.005, 0.015, 0.01, 0.005, 0.005, 0.005, 0.005, 0.0, 0.0, 0.005, 0.005, 0.005, 0.005, 0.0, 0.0], "house_col": "red", "id": 21, "size": [39, 29, 13, 10, 5, 5, 4, 3, 2, 4, 2, 4, 2, 2, 2, 2, 2, 1, 0, 0, 1, 1, 0, 0, 1, 0, 1, 2, 1, 0, 0, 1, 1, 2, 2, 1, 1, 3, 2, 1, 1, 1, 1, 0, 0, 1, 1, 1, 1, 0, 0]}, {"dev_col": "yellow", "temp_col": "yellow", "node_value": 22, "percent": [0.035, 0.095, 0.085, 0.045, 0.03, 0.055, 0.03, 0.025, 0.03, 0.02, 0.035, 0.01, 0.025, 0.0, 0.005, 0.01, 0.01, 0.015, 0.015, 0.015, 0.005, 0.01, 0.01, 0.005, 0.015, 0.01, 0.015, 0.005, 0.005, 0.005, 0.01, 0.0, 0.005, 0.01, 0.0, 0.02, 0.015, 0.02, 0.02, 0.0, 0.015, 0.01, 0.005, 0.0, 0.005, 0.015, 0.015, 0.015, 0.01, 0.005, 0.005], "house_col": "red", "id": 22, "size": [7, 19, 17, 9, 6, 11, 6, 5, 6, 4, 7, 2, 5, 0, 1, 2, 2, 3, 3, 3, 1, 2, 2, 1, 3, 2, 3, 1, 1, 1, 2, 0, 1, 2, 0, 4, 3, 4, 4, 0, 3, 2, 1, 0, 1, 3, 3, 3, 2, 1, 1]}, {"dev_col": "red", "temp_col": "yellow", "node_value": 23, "percent": [0.0, 0.005, 0.055, 0.065, 0.08, 0.105, 0.075, 0.11, 0.095, 0.115, 0.1, 0.115, 0.125, 0.095, 0.075, 0.09, 0.05, 0.115, 0.095, 0.11, 0.105, 0.09, 0.07, 0.085, 0.11, 0.09, 0.105, 0.085, 0.045, 0.05, 0.1, 0.08, 0.065, 0.075, 0.095, 0.075, 0.07, 0.09, 0.09, 0.075, 0.07, 0.08, 0.065, 0.075, 0.06, 0.075, 0.085, 0.075, 0.06, 0.06, 0.055], "house_col": "red", "id": 23, "size": [0, 1, 11, 13, 16, 21, 15, 22, 19, 23, 20, 23, 25, 19, 15, 18, 10, 23, 19, 22, 21, 18, 14, 17, 22, 18, 21, 17, 9, 10, 20, 16, 13, 15, 19, 15, 14, 18, 18, 15, 14, 16, 13, 15, 12, 15, 17, 15, 12, 12, 11]}, {"dev_col": "green", "temp_col": "red", "node_value": 24, "percent": [0.15, 0.155, 0.175, 0.17, 0.125, 0.115, 0.095, 0.075, 0.115, 0.08, 0.06, 0.04, 0.04, 0.04, 0.06, 0.05, 0.04, 0.04, 0.045, 0.02, 0.025, 0.025, 0.025, 0.035, 0.025, 0.045, 0.04, 0.015, 0.02, 0.025, 0.02, 0.025, 0.025, 0.005, 0.01, 0.01, 0.025, 0.015, 0.02, 0.035, 0.035, 0.05, 0.05, 0.035, 0.04, 0.03, 0.03, 0.045, 0.035, 0.045, 0.025], "house_col": "red", "id": 24, "size": [30, 31, 35, 34, 25, 23, 19, 15, 23, 16, 12, 8, 8, 8, 12, 10, 8, 8, 9, 4, 5, 5, 5, 7, 5, 9, 8, 3, 4, 5, 4, 5, 5, 1, 2, 2, 5, 3, 4, 7, 7, 10, 10, 7, 8, 6, 6, 9, 7, 9, 5]}, {"dev_col": "yellow", "temp_col": "red", "node_value": 25, "percent": [0.02, 0.095, 0.09, 0.145, 0.16, 0.105, 0.125, 0.12, 0.07, 0.11, 0.085, 0.085, 0.085, 0.07, 0.055, 0.085, 0.065, 0.065, 0.045, 0.075, 0.095, 0.055, 0.095, 0.085, 0.06, 0.07, 0.04, 0.06, 0.075, 0.085, 0.08, 0.06, 0.075, 0.085, 0.075, 0.05, 0.04, 0.05, 0.05, 0.035, 0.06, 0.085, 0.085, 0.075, 0.1, 0.09, 0.05, 0.05, 0.08, 0.095, 0.1], "house_col": "red", "id": 25, "size": [4, 19, 18, 29, 32, 21, 25, 24, 14, 22, 17, 17, 17, 14, 11, 17, 13, 13, 9, 15, 19, 11, 19, 17, 12, 14, 8, 12, 15, 17, 16, 12, 15, 17, 15, 10, 8, 10, 10, 7, 12, 17, 17, 15, 20, 18, 10, 10, 16, 19, 20]}, {"dev_col": "red", "temp_col": "red", "node_value": 26, "percent": [0.0, 0.02, 0.09, 0.145, 0.215, 0.265, 0.35, 0.36, 0.4, 0.43, 0.465, 0.475, 0.475, 0.53, 0.57, 0.545, 0.585, 0.535, 0.575, 0.57, 0.55, 0.575, 0.585, 0.595, 0.575, 0.605, 0.61, 0.625, 0.635, 0.64, 0.57, 0.58, 0.59, 0.615, 0.61, 0.66, 0.635, 0.58, 0.61, 0.655, 0.61, 0.59, 0.595, 0.6, 0.57, 0.575, 0.62, 0.62, 0.605, 0.56, 0.605], "house_col": "red", "id": 26, "size": [0, 4, 18, 29, 43, 53, 70, 72, 80, 86, 93, 95, 95, 106, 114, 109, 117, 107, 115, 114, 110, 115, 117, 119, 115, 121, 122, 125, 127, 128, 114, 116, 118, 123, 122, 132, 127, 116, 122, 131, 122, 118, 119, 120, 114, 115, 124, 124, 121, 112, 121]}], "fantasy": [{"dev_col": "green", "temp_col": "green", "node_value": 0, "percent": [0.085, 0.27, 0.78, 0.91, 0.96, 0.965, 0.955, 0.965, 0.945, 0.96, 0.975, 0.98, 0.97, 0.955, 0.975, 0.98, 0.965, 0.965, 0.955, 0.955, 0.96, 0.955, 0.98, 0.97, 0.965, 0.97, 0.97, 0.985, 0.99, 0.975, 0.945, 0.935, 0.955, 0.98, 0.965, 0.94, 0.97, 0.955, 0.96, 0.95, 0.945, 0.97, 0.965, 0.98, 0.98, 0.99, 0.955, 0.965, 0.965, 0.975, 0.96], "house_col": "green", "id": 0, "size": [17, 54, 156, 182, 192, 193, 191, 193, 189, 192, 195, 196, 194, 191, 195, 196, 193, 193, 191, 191, 192, 191, 196, 194, 193, 194, 194, 197, 198, 195, 189, 187, 191, 196, 193, 188, 194, 191, 192, 190, 189, 194, 193, 196, 196, 198, 191, 193, 193, 195, 192]}, {"dev_col": "yellow", "temp_col": "green", "node_value": 1, "percent": [0.005, 0.0, 0.005, 0.005, 0.015, 0.0, 0.02, 0.01, 0.02, 0.01, 0.015, 0.005, 0.01, 0.02, 0.005, 0.01, 0.02, 0.01, 0.005, 0.01, 0.015, 0.015, 0.005, 0.01, 0.01, 0.02, 0.01, 0.01, 0.005, 0.015, 0.015, 0.025, 0.025, 0.01, 0.015, 0.025, 0.005, 0.02, 0.015, 0.015, 0.015, 0.02, 0.01, 0.005, 0.01, 0.0, 0.01, 0.015, 0.01, 0.0, 0.005], "house_col": "green", "id": 1, "size": [1, 0, 1, 1, 3, 0, 4, 2, 4, 2, 3, 1, 2, 4, 1, 2, 4, 2, 1, 2, 3, 3, 1, 2, 2, 4, 2, 2, 1, 3, 3, 5, 5, 2, 3, 5, 1, 4, 3, 3, 3, 4, 2, 1, 2, 0, 2, 3, 2, 0, 1]}, {"dev_col": "red", "temp_col": "green", "node_value": 2, "percent": [0.0, 0.0, 0.0, 0.0, 0.0, 0.0, 0.0, 0.0, 0.0, 0.0, 0.0, 0.0, 0.0, 0.0, 0.0, 0.0, 0.0, 0.0, 0.0, 0.0, 0.0, 0.0, 0.0, 0.0, 0.0, 0.0, 0.0, 0.0, 0.0, 0.0, 0.0, 0.0, 0.0, 0.005, 0.0, 0.0, 0.0, 0.0, 0.005, 0.005, 0.0, 0.0, 0.0, 0.0, 0.0, 0.0, 0.0, 0.0, 0.0, 0.0, 0.0], "house_col": "green", "id": 2, "size": [0, 0, 0, 0, 0, 0, 0, 0, 0, 0, 0, 0, 0, 0, 0, 0, 0, 0, 0, 0, 0, 0, 0, 0, 0, 0, 0, 0, 0, 0, 0, 0, 0, 1, 0, 0, 0, 0, 1, 1, 0, 0, 0, 0, 0, 0, 0, 0, 0, 0, 0]}, {"dev_col": "green", "temp_col": "yellow", "node_value": 3, "percent": [0.045, 0.07, 0.06, 0.035, 0.015, 0.03, 0.01, 0.01, 0.02, 0.015, 0.0, 0.005, 0.01, 0.01, 0.005, 0.0, 0.005, 0.005, 0.01, 0.025, 0.02, 0.025, 0.01, 0.005, 0.015, 0.01, 0.01, 0.0, 0.005, 0.005, 0.01, 0.02, 0.015, 0.0, 0.0, 0.02, 0.01, 0.01, 0.01, 0.01, 0.01, 0.005, 0.015, 0.01, 0.0, 0.005, 0.015, 0.015, 0.01, 0.015, 0.02], "house_col": "green", "id": 3, "size": [9, 14, 12, 7, 3, 6, 2, 2, 4, 3, 0, 1, 2, 2, 1, 0, 1, 1, 2, 5, 4, 5, 2, 1, 3, 2, 2, 0, 1, 1, 2, 4, 3, 0, 0, 4, 2, 2, 2, 2, 2, 1, 3, 2, 0, 1, 3, 3, 2, 3, 4]}, {"dev_col": "yellow", "temp_col": "yellow", "node_value": 4, "percent": [0.0, 0.005, 0.0, 0.0, 0.0, 0.0, 0.0, 0.0, 0.0, 0.0, 0.0, 0.0, 0.0, 0.0, 0.0, 0.0, 0.0, 0.0, 0.0, 0.0, 0.0, 0.0, 0.0, 0.0, 0.0, 0.0, 0.0, 0.0, 0.0, 0.0, 0.0, 0.0, 0.0, 0.0, 0.0, 0.0, 0.0, 0.0, 0.0, 0.0, 0.0, 0.0, 0.0, 0.0, 0.0, 0.0, 0.0, 0.0, 0.0, 0.0, 0.0], "house_col": "green", "id": 4, "size": [0, 1, 0, 0, 0, 0, 0, 0, 0, 0, 0, 0, 0, 0, 0, 0, 0, 0, 0, 0, 0, 0, 0, 0, 0, 0, 0, 0, 0, 0, 0, 0, 0, 0, 0, 0, 0, 0, 0, 0, 0, 0, 0, 0, 0, 0, 0, 0, 0, 0, 0]}, {"dev_col": "red", "temp_col": "yellow", "node_value": 5, "percent": [0.0, 0.0, 0.0, 0.0, 0.0, 0.0, 0.0, 0.0, 0.0, 0.0, 0.0, 0.0, 0.0, 0.0, 0.0, 0.0, 0.0, 0.0, 0.0, 0.0, 0.0, 0.0, 0.0, 0.0, 0.0, 0.0, 0.0, 0.0, 0.0, 0.0, 0.0, 0.0, 0.0, 0.0, 0.0, 0.0, 0.0, 0.0, 0.0, 0.0, 0.0, 0.0, 0.0, 0.0, 0.0, 0.0, 0.0, 0.0, 0.0, 0.0, 0.0], "house_col": "green", "id": 5, "size": [0, 0, 0, 0, 0, 0, 0, 0, 0, 0, 0, 0, 0, 0, 0, 0, 0, 0, 0, 0, 0, 0, 0, 0, 0, 0, 0, 0, 0, 0, 0, 0, 0, 0, 0, 0, 0, 0, 0, 0, 0, 0, 0, 0, 0, 0, 0, 0, 0, 0, 0]}, {"dev_col": "green", "temp_col": "red", "node_value": 6, "percent": [0.01, 0.015, 0.01, 0.0, 0.0, 0.0, 0.0, 0.0, 0.0, 0.0, 0.0, 0.0, 0.0, 0.0, 0.0, 0.0, 0.0, 0.0, 0.0, 0.0, 0.0, 0.0, 0.0, 0.0, 0.0, 0.0, 0.0, 0.0, 0.0, 0.0, 0.0, 0.0, 0.0, 0.0, 0.0, 0.0, 0.0, 0.0, 0.0, 0.0, 0.0, 0.0, 0.0, 0.0, 0.0, 0.0, 0.0, 0.0, 0.0, 0.0, 0.0], "house_col": "green", "id": 6, "size": [2, 3, 2, 0, 0, 0, 0, 0, 0, 0, 0, 0, 0, 0, 0, 0, 0, 0, 0, 0, 0, 0, 0, 0, 0, 0, 0, 0, 0, 0, 0, 0, 0, 0, 0, 0, 0, 0, 0, 0, 0, 0, 0, 0, 0, 0, 0, 0, 0, 0, 0]}, {"dev_col": "yellow", "temp_col": "red", "node_value": 7, "percent": [0.0, 0.0, 0.0, 0.0, 0.0, 0.0, 0.0, 0.0, 0.0, 0.0, 0.0, 0.0, 0.0, 0.0, 0.0, 0.0, 0.0, 0.0, 0.0, 0.0, 0.0, 0.0, 0.0, 0.0, 0.0, 0.0, 0.0, 0.0, 0.0, 0.0, 0.0, 0.0, 0.0, 0.0, 0.0, 0.0, 0.0, 0.0, 0.0, 0.0, 0.0, 0.0, 0.0, 0.0, 0.0, 0.0, 0.0, 0.0, 0.0, 0.0, 0.0], "house_col": "green", "id": 7, "size": [0, 0, 0, 0, 0, 0, 0, 0, 0, 0, 0, 0, 0, 0, 0, 0, 0, 0, 0, 0, 0, 0, 0, 0, 0, 0, 0, 0, 0, 0, 0, 0, 0, 0, 0, 0, 0, 0, 0, 0, 0, 0, 0, 0, 0, 0, 0, 0, 0, 0, 0]}, {"dev_col": "red", "temp_col": "red", "node_value": 8, "percent": [0.0, 0.0, 0.0, 0.0, 0.0, 0.0, 0.0, 0.0, 0.0, 0.0, 0.0, 0.0, 0.0, 0.0, 0.0, 0.0, 0.0, 0.0, 0.0, 0.0, 0.0, 0.0, 0.0, 0.0, 0.0, 0.0, 0.0, 0.0, 0.0, 0.0, 0.0, 0.0, 0.0, 0.0, 0.0, 0.0, 0.0, 0.0, 0.0, 0.0, 0.0, 0.0, 0.0, 0.0, 0.0, 0.0, 0.0, 0.0, 0.0, 0.0, 0.0], "house_col": "green", "id": 8, "size": [0, 0, 0, 0, 0, 0, 0, 0, 0, 0, 0, 0, 0, 0, 0, 0, 0, 0, 0, 0, 0, 0, 0, 0, 0, 0, 0, 0, 0, 0, 0, 0, 0, 0, 0, 0, 0, 0, 0, 0, 0, 0, 0, 0, 0, 0, 0, 0, 0, 0, 0]}, {"dev_col": "green", "temp_col": "green", "node_value": 9, "percent": [0.1, 0.39, 0.11, 0.045, 0.005, 0.005, 0.015, 0.015, 0.015, 0.015, 0.01, 0.01, 0.01, 0.015, 0.015, 0.01, 0.01, 0.02, 0.03, 0.01, 0.005, 0.005, 0.005, 0.015, 0.01, 0.0, 0.01, 0.005, 0.0, 0.005, 0.03, 0.015, 0.005, 0.005, 0.02, 0.015, 0.015, 0.015, 0.01, 0.015, 0.03, 0.005, 0.01, 0.005, 0.01, 0.005, 0.02, 0.0, 0.015, 0.01, 0.015], "house_col": "yellow", "id": 9, "size": [20, 78, 22, 9, 1, 1, 3, 3, 3, 3, 2, 2, 2, 3, 3, 2, 2, 4, 6, 2, 1, 1, 1, 3, 2, 0, 2, 1, 0, 1, 6, 3, 1, 1, 4, 3, 3, 3, 2, 3, 6, 1, 2, 1, 2, 1, 4, 0, 3, 2, 3]}, {"dev_col": "yellow", "temp_col": "green", "node_value": 10, "percent": [0.015, 0.005, 0.0, 0.0, 0.0, 0.0, 0.0, 0.0, 0.0, 0.0, 0.0, 0.0, 0.0, 0.0, 0.0, 0.0, 0.0, 0.0, 0.0, 0.0, 0.0, 0.0, 0.0, 0.0, 0.0, 0.0, 0.0, 0.0, 0.0, 0.0, 0.0, 0.0, 0.0, 0.0, 0.0, 0.0, 0.0, 0.0, 0.0, 0.005, 0.0, 0.0, 0.0, 0.0, 0.0, 0.0, 0.0, 0.0, 0.0, 0.0, 0.0], "house_col": "yellow", "id": 10, "size": [3, 1, 0, 0, 0, 0, 0, 0, 0, 0, 0, 0, 0, 0, 0, 0, 0, 0, 0, 0, 0, 0, 0, 0, 0, 0, 0, 0, 0, 0, 0, 0, 0, 0, 0, 0, 0, 0, 0, 1, 0, 0, 0, 0, 0, 0, 0, 0, 0, 0, 0]}, {"dev_col": "red", "temp_col": "green", "node_value": 11, "percent": [0.0, 0.005, 0.0, 0.0, 0.0, 0.0, 0.0, 0.0, 0.0, 0.0, 0.0, 0.0, 0.0, 0.0, 0.0, 0.0, 0.0, 0.0, 0.0, 0.0, 0.0, 0.0, 0.0, 0.0, 0.0, 0.0, 0.0, 0.0, 0.0, 0.0, 0.0, 0.0, 0.0, 0.0, 0.0, 0.0, 0.0, 0.0, 0.0, 0.0, 0.0, 0.0, 0.0, 0.0, 0.0, 0.0, 0.0, 0.0, 0.0, 0.0, 0.0], "house_col": "yellow", "id": 11, "size": [0, 1, 0, 0, 0, 0, 0, 0, 0, 0, 0, 0, 0, 0, 0, 0, 0, 0, 0, 0, 0, 0, 0, 0, 0, 0, 0, 0, 0, 0, 0, 0, 0, 0, 0, 0, 0, 0, 0, 0, 0, 0, 0, 0, 0, 0, 0, 0, 0, 0, 0]}, {"dev_col": "green", "temp_col": "yellow", "node_value": 12, "percent": [0.07, 0.16, 0.015, 0.005, 0.005, 0.0, 0.0, 0.0, 0.0, 0.0, 0.0, 0.0, 0.0, 0.0, 0.0, 0.0, 0.0, 0.0, 0.0, 0.0, 0.0, 0.0, 0.0, 0.0, 0.0, 0.0, 0.0, 0.0, 0.0, 0.0, 0.0, 0.005, 0.0, 0.0, 0.0, 0.0, 0.0, 0.0, 0.0, 0.0, 0.0, 0.0, 0.0, 0.0, 0.0, 0.0, 0.0, 0.0, 0.0, 0.0, 0.0], "house_col": "yellow", "id": 12, "size": [14, 32, 3, 1, 1, 0, 0, 0, 0, 0, 0, 0, 0, 0, 0, 0, 0, 0, 0, 0, 0, 0, 0, 0, 0, 0, 0, 0, 0, 0, 0, 1, 0, 0, 0, 0, 0, 0, 0, 0, 0, 0, 0, 0, 0, 0, 0, 0, 0, 0, 0]}, {"dev_col": "yellow", "temp_col": "yellow", "node_value": 13, "percent": [0.0, 0.0, 0.0, 0.0, 0.0, 0.0, 0.0, 0.0, 0.0, 0.0, 0.0, 0.0, 0.0, 0.0, 0.0, 0.0, 0.0, 0.0, 0.0, 0.0, 0.0, 0.0, 0.0, 0.0, 0.0, 0.0, 0.0, 0.0, 0.0, 0.0, 0.0, 0.0, 0.0, 0.0, 0.0, 0.0, 0.0, 0.0, 0.0, 0.0, 0.0, 0.0, 0.0, 0.0, 0.0, 0.0, 0.0, 0.0, 0.0, 0.0, 0.0], "house_col": "yellow", "id": 13, "size": [0, 0, 0, 0, 0, 0, 0, 0, 0, 0, 0, 0, 0, 0, 0, 0, 0, 0, 0, 0, 0, 0, 0, 0, 0, 0, 0, 0, 0, 0, 0, 0, 0, 0, 0, 0, 0, 0, 0, 0, 0, 0, 0, 0, 0, 0, 0, 0, 0, 0, 0]}, {"dev_col": "red", "temp_col": "yellow", "node_value": 14, "percent": [0.0, 0.0, 0.0, 0.0, 0.0, 0.0, 0.0, 0.0, 0.0, 0.0, 0.0, 0.0, 0.0, 0.0, 0.0, 0.0, 0.0, 0.0, 0.0, 0.0, 0.0, 0.0, 0.0, 0.0, 0.0, 0.0, 0.0, 0.0, 0.0, 0.0, 0.0, 0.0, 0.0, 0.0, 0.0, 0.0, 0.0, 0.0, 0.0, 0.0, 0.0, 0.0, 0.0, 0.0, 0.0, 0.0, 0.0, 0.0, 0.0, 0.0, 0.0], "house_col": "yellow", "id": 14, "size": [0, 0, 0, 0, 0, 0, 0, 0, 0, 0, 0, 0, 0, 0, 0, 0, 0, 0, 0, 0, 0, 0, 0, 0, 0, 0, 0, 0, 0, 0, 0, 0, 0, 0, 0, 0, 0, 0, 0, 0, 0, 0, 0, 0, 0, 0, 0, 0, 0, 0, 0]}, {"dev_col": "green", "temp_col": "red", "node_value": 15, "percent": [0.055, 0.03, 0.0, 0.0, 0.0, 0.0, 0.0, 0.0, 0.0, 0.0, 0.0, 0.0, 0.0, 0.0, 0.0, 0.0, 0.0, 0.0, 0.0, 0.0, 0.0, 0.0, 0.0, 0.0, 0.0, 0.0, 0.0, 0.0, 0.0, 0.0, 0.0, 0.0, 0.0, 0.0, 0.0, 0.0, 0.0, 0.0, 0.0, 0.0, 0.0, 0.0, 0.0, 0.0, 0.0, 0.0, 0.0, 0.0, 0.0, 0.0, 0.0], "house_col": "yellow", "id": 15, "size": [11, 6, 0, 0, 0, 0, 0, 0, 0, 0, 0, 0, 0, 0, 0, 0, 0, 0, 0, 0, 0, 0, 0, 0, 0, 0, 0, 0, 0, 0, 0, 0, 0, 0, 0, 0, 0, 0, 0, 0, 0, 0, 0, 0, 0, 0, 0, 0, 0, 0, 0]}, {"dev_col": "yellow", "temp_col": "red", "node_value": 16, "percent": [0.015, 0.005, 0.0, 0.0, 0.0, 0.0, 0.0, 0.0, 0.0, 0.0, 0.0, 0.0, 0.0, 0.0, 0.0, 0.0, 0.0, 0.0, 0.0, 0.0, 0.0, 0.0, 0.0, 0.0, 0.0, 0.0, 0.0, 0.0, 0.0, 0.0, 0.0, 0.0, 0.0, 0.0, 0.0, 0.0, 0.0, 0.0, 0.0, 0.0, 0.0, 0.0, 0.0, 0.0, 0.0, 0.0, 0.0, 0.0, 0.0, 0.0, 0.0], "house_col": "yellow", "id": 16, "size": [3, 1, 0, 0, 0, 0, 0, 0, 0, 0, 0, 0, 0, 0, 0, 0, 0, 0, 0, 0, 0, 0, 0, 0, 0, 0, 0, 0, 0, 0, 0, 0, 0, 0, 0, 0, 0, 0, 0, 0, 0, 0, 0, 0, 0, 0, 0, 0, 0, 0, 0]}, {"dev_col": "red", "temp_col": "red", "node_value": 17, "percent": [0.0, 0.0, 0.0, 0.0, 0.0, 0.0, 0.0, 0.0, 0.0, 0.0, 0.0, 0.0, 0.0, 0.0, 0.0, 0.0, 0.0, 0.0, 0.0, 0.0, 0.0, 0.0, 0.0, 0.0, 0.0, 0.0, 0.0, 0.0, 0.0, 0.0, 0.0, 0.0, 0.0, 0.0, 0.0, 0.0, 0.0, 0.0, 0.0, 0.0, 0.0, 0.0, 0.0, 0.0, 0.0, 0.0, 0.0, 0.0, 0.0, 0.0, 0.0], "house_col": "yellow", "id": 17, "size": [0, 0, 0, 0, 0, 0, 0, 0, 0, 0, 0, 0, 0, 0, 0, 0, 0, 0, 0, 0, 0, 0, 0, 0, 0, 0, 0, 0, 0, 0, 0, 0, 0, 0, 0, 0, 0, 0, 0, 0, 0, 0, 0, 0, 0, 0, 0, 0, 0, 0, 0]}, {"dev_col": "green", "temp_col": "green", "node_value": 18, "percent": [0.175, 0.03, 0.015, 0.0, 0.0, 0.0, 0.0, 0.0, 0.0, 0.0, 0.0, 0.0, 0.0, 0.0, 0.0, 0.0, 0.0, 0.0, 0.0, 0.0, 0.0, 0.0, 0.0, 0.0, 0.0, 0.0, 0.0, 0.0, 0.0, 0.0, 0.0, 0.0, 0.0, 0.0, 0.0, 0.0, 0.0, 0.0, 0.0, 0.0, 0.0, 0.0, 0.0, 0.0, 0.0, 0.0, 0.0, 0.005, 0.0, 0.0, 0.0], "house_col": "red", "id": 18, "size": [35, 6, 3, 0, 0, 0, 0, 0, 0, 0, 0, 0, 0, 0, 0, 0, 0, 0, 0, 0, 0, 0, 0, 0, 0, 0, 0, 0, 0, 0, 0, 0, 0, 0, 0, 0, 0, 0, 0, 0, 0, 0, 0, 0, 0, 0, 0, 1, 0, 0, 0]}, {"dev_col": "yellow", "temp_col": "green", "node_value": 19, "percent": [0.025, 0.0, 0.0, 0.0, 0.0, 0.0, 0.0, 0.0, 0.0, 0.0, 0.0, 0.0, 0.0, 0.0, 0.0, 0.0, 0.0, 0.0, 0.0, 0.0, 0.0, 0.0, 0.0, 0.0, 0.0, 0.0, 0.0, 0.0, 0.0, 0.0, 0.0, 0.0, 0.0, 0.0, 0.0, 0.0, 0.0, 0.0, 0.0, 0.0, 0.0, 0.0, 0.0, 0.0, 0.0, 0.0, 0.0, 0.0, 0.0, 0.0, 0.0], "house_col": "red", "id": 19, "size": [5, 0, 0, 0, 0, 0, 0, 0, 0, 0, 0, 0, 0, 0, 0, 0, 0, 0, 0, 0, 0, 0, 0, 0, 0, 0, 0, 0, 0, 0, 0, 0, 0, 0, 0, 0, 0, 0, 0, 0, 0, 0, 0, 0, 0, 0, 0, 0, 0, 0, 0]}, {"dev_col": "red", "temp_col": "green", "node_value": 20, "percent": [0.0, 0.0, 0.0, 0.0, 0.0, 0.0, 0.0, 0.0, 0.0, 0.0, 0.0, 0.0, 0.0, 0.0, 0.0, 0.0, 0.0, 0.0, 0.0, 0.0, 0.0, 0.0, 0.0, 0.0, 0.0, 0.0, 0.0, 0.0, 0.0, 0.0, 0.0, 0.0, 0.0, 0.0, 0.0, 0.0, 0.0, 0.0, 0.0, 0.0, 0.0, 0.0, 0.0, 0.0, 0.0, 0.0, 0.0, 0.0, 0.0, 0.0, 0.0], "house_col": "red", "id": 20, "size": [0, 0, 0, 0, 0, 0, 0, 0, 0, 0, 0, 0, 0, 0, 0, 0, 0, 0, 0, 0, 0, 0, 0, 0, 0, 0, 0, 0, 0, 0, 0, 0, 0, 0, 0, 0, 0, 0, 0, 0, 0, 0, 0, 0, 0, 0, 0, 0, 0, 0, 0]}, {"dev_col": "green", "temp_col": "yellow", "node_value": 21, "percent": [0.195, 0.01, 0.005, 0.0, 0.0, 0.0, 0.0, 0.0, 0.0, 0.0, 0.0, 0.0, 0.0, 0.0, 0.0, 0.0, 0.0, 0.0, 0.0, 0.0, 0.0, 0.0, 0.0, 0.0, 0.0, 0.0, 0.0, 0.0, 0.0, 0.0, 0.0, 0.0, 0.0, 0.0, 0.0, 0.0, 0.0, 0.0, 0.0, 0.0, 0.0, 0.0, 0.0, 0.0, 0.0, 0.0, 0.0, 0.0, 0.0, 0.0, 0.0], "house_col": "red", "id": 21, "size": [39, 2, 1, 0, 0, 0, 0, 0, 0, 0, 0, 0, 0, 0, 0, 0, 0, 0, 0, 0, 0, 0, 0, 0, 0, 0, 0, 0, 0, 0, 0, 0, 0, 0, 0, 0, 0, 0, 0, 0, 0, 0, 0, 0, 0, 0, 0, 0, 0, 0, 0]}, {"dev_col": "yellow", "temp_col": "yellow", "node_value": 22, "percent": [0.035, 0.0, 0.0, 0.0, 0.0, 0.0, 0.0, 0.0, 0.0, 0.0, 0.0, 0.0, 0.0, 0.0, 0.0, 0.0, 0.0, 0.0, 0.0, 0.0, 0.0, 0.0, 0.0, 0.0, 0.0, 0.0, 0.0, 0.0, 0.0, 0.0, 0.0, 0.0, 0.0, 0.0, 0.0, 0.0, 0.0, 0.0, 0.0, 0.0, 0.0, 0.0, 0.0, 0.0, 0.0, 0.0, 0.0, 0.0, 0.0, 0.0, 0.0], "house_col": "red", "id": 22, "size": [7, 0, 0, 0, 0, 0, 0, 0, 0, 0, 0, 0, 0, 0, 0, 0, 0, 0, 0, 0, 0, 0, 0, 0, 0, 0, 0, 0, 0, 0, 0, 0, 0, 0, 0, 0, 0, 0, 0, 0, 0, 0, 0, 0, 0, 0, 0, 0, 0, 0, 0]}, {"dev_col": "red", "temp_col": "yellow", "node_value": 23, "percent": [0.0, 0.0, 0.0, 0.0, 0.0, 0.0, 0.0, 0.0, 0.0, 0.0, 0.0, 0.0, 0.0, 0.0, 0.0, 0.0, 0.0, 0.0, 0.0, 0.0, 0.0, 0.0, 0.0, 0.0, 0.0, 0.0, 0.0, 0.0, 0.0, 0.0, 0.0, 0.0, 0.0, 0.0, 0.0, 0.0, 0.0, 0.0, 0.0, 0.0, 0.0, 0.0, 0.0, 0.0, 0.0, 0.0, 0.0, 0.0, 0.0, 0.0, 0.0], "house_col": "red", "id": 23, "size": [0, 0, 0, 0, 0, 0, 0, 0, 0, 0, 0, 0, 0, 0, 0, 0, 0, 0, 0, 0, 0, 0, 0, 0, 0, 0, 0, 0, 0, 0, 0, 0, 0, 0, 0, 0, 0, 0, 0, 0, 0, 0, 0, 0, 0, 0, 0, 0, 0, 0, 0]}, {"dev_col": "green", "temp_col": "red", "node_value": 24, "percent": [0.15, 0.005, 0.0, 0.0, 0.0, 0.0, 0.0, 0.0, 0.0, 0.0, 0.0, 0.0, 0.0, 0.0, 0.0, 0.0, 0.0, 0.0, 0.0, 0.0, 0.0, 0.0, 0.0, 0.0, 0.0, 0.0, 0.0, 0.0, 0.0, 0.0, 0.0, 0.0, 0.0, 0.0, 0.0, 0.0, 0.0, 0.0, 0.0, 0.0, 0.0, 0.0, 0.0, 0.0, 0.0, 0.0, 0.0, 0.0, 0.0, 0.0, 0.0], "house_col": "red", "id": 24, "size": [30, 1, 0, 0, 0, 0, 0, 0, 0, 0, 0, 0, 0, 0, 0, 0, 0, 0, 0, 0, 0, 0, 0, 0, 0, 0, 0, 0, 0, 0, 0, 0, 0, 0, 0, 0, 0, 0, 0, 0, 0, 0, 0, 0, 0, 0, 0, 0, 0, 0, 0]}, {"dev_col": "yellow", "temp_col": "red", "node_value": 25, "percent": [0.02, 0.0, 0.0, 0.0, 0.0, 0.0, 0.0, 0.0, 0.0, 0.0, 0.0, 0.0, 0.0, 0.0, 0.0, 0.0, 0.0, 0.0, 0.0, 0.0, 0.0, 0.0, 0.0, 0.0, 0.0, 0.0, 0.0, 0.0, 0.0, 0.0, 0.0, 0.0, 0.0, 0.0, 0.0, 0.0, 0.0, 0.0, 0.0, 0.0, 0.0, 0.0, 0.0, 0.0, 0.0, 0.0, 0.0, 0.0, 0.0, 0.0, 0.0], "house_col": "red", "id": 25, "size": [4, 0, 0, 0, 0, 0, 0, 0, 0, 0, 0, 0, 0, 0, 0, 0, 0, 0, 0, 0, 0, 0, 0, 0, 0, 0, 0, 0, 0, 0, 0, 0, 0, 0, 0, 0, 0, 0, 0, 0, 0, 0, 0, 0, 0, 0, 0, 0, 0, 0, 0]}, {"dev_col": "red", "temp_col": "red", "node_value": 26, "percent": [0.0, 0.0, 0.0, 0.0, 0.0, 0.0, 0.0, 0.0, 0.0, 0.0, 0.0, 0.0, 0.0, 0.0, 0.0, 0.0, 0.0, 0.0, 0.0, 0.0, 0.0, 0.0, 0.0, 0.0, 0.0, 0.0, 0.0, 0.0, 0.0, 0.0, 0.0, 0.0, 0.0, 0.0, 0.0, 0.0, 0.0, 0.0, 0.0, 0.0, 0.0, 0.0, 0.0, 0.0, 0.0, 0.0, 0.0, 0.0, 0.0, 0.0, 0.0], "house_col": "red", "id": 26, "size": [0, 0, 0, 0, 0, 0, 0, 0, 0, 0, 0, 0, 0, 0, 0, 0, 0, 0, 0, 0, 0, 0, 0, 0, 0, 0, 0, 0, 0, 0, 0, 0, 0, 0, 0, 0, 0, 0, 0, 0, 0, 0, 0, 0, 0, 0, 0, 0, 0, 0, 0]}], "natural": [{"dev_col": "green", "temp_col": "green", "node_value": 0, "percent": [0.085, 0.035, 0.07, 0.035, 0.045, 0.045, 0.05, 0.055, 0.05, 0.055, 0.025, 0.055, 0.045, 0.05, 0.045, 0.035, 0.025, 0.03, 0.02, 0.035, 0.04, 0.03, 0.025, 0.035, 0.03, 0.035, 0.04, 0.025, 0.015, 0.03, 0.03, 0.03, 0.025, 0.01, 0.025, 0.03, 0.035, 0.025, 0.035, 0.03, 0.03, 0.03, 0.05, 0.025, 0.03, 0.025, 0.025, 0.01, 0.01, 0.015, 0.025], "house_col": "green", "id": 0, "size": [17, 7, 14, 7, 9, 9, 10, 11, 10, 11, 5, 11, 9, 10, 9, 7, 5, 6, 4, 7, 8, 6, 5, 7, 6, 7, 8, 5, 3, 6, 6, 6, 5, 2, 5, 6, 7, 5, 7, 6, 6, 6, 10, 5, 6, 5, 5, 2, 2, 3, 5]}, {"dev_col": "yellow", "temp_col": "green", "node_value": 1, "percent": [0.005, 0.03, 0.04, 0.065, 0.055, 0.02, 0.055, 0.03, 0.025, 0.025, 0.04, 0.04, 0.05, 0.05, 0.035, 0.035, 0.015, 0.015, 0.015, 0.025, 0.025, 0.035, 0.035, 0.015, 0.025, 0.045, 0.05, 0.03, 0.02, 0.06, 0.01, 0.035, 0.055, 0.025, 0.03, 0.03, 0.03, 0.03, 0.025, 0.005, 0.035, 0.005, 0.035, 0.015, 0.015, 0.02, 0.01, 0.03, 0.025, 0.035, 0.02], "house_col": "green", "id": 1, "size": [1, 6, 8, 13, 11, 4, 11, 6, 5, 5, 8, 8, 10, 10, 7, 7, 3, 3, 3, 5, 5, 7, 7, 3, 5, 9, 10, 6, 4, 12, 2, 7, 11, 5, 6, 6, 6, 6, 5, 1, 7, 1, 7, 3, 3, 4, 2, 6, 5, 7, 4]}, {"dev_col": "red", "temp_col": "green", "node_value": 2, "percent": [0.0, 0.005, 0.0, 0.005, 0.02, 0.03, 0.035, 0.05, 0.06, 0.03, 0.04, 0.035, 0.05, 0.04, 0.035, 0.035, 0.065, 0.06, 0.015, 0.05, 0.02, 0.035, 0.065, 0.08, 0.055, 0.04, 0.05, 0.04, 0.055, 0.045, 0.065, 0.03, 0.035, 0.05, 0.055, 0.075, 0.06, 0.05, 0.05, 0.035, 0.05, 0.06, 0.08, 0.06, 0.055, 0.045, 0.055, 0.055, 0.065, 0.04, 0.06], "house_col": "green", "id": 2, "size": [0, 1, 0, 1, 4, 6, 7, 10, 12, 6, 8, 7, 10, 8, 7, 7, 13, 12, 3, 10, 4, 7, 13, 16, 11, 8, 10, 8, 11, 9, 13, 6, 7, 10, 11, 15, 12, 10, 10, 7, 10, 12, 16, 12, 11, 9, 11, 11, 13, 8, 12]}, {"dev_col": "green", "temp_col": "yellow", "node_value": 3, "percent": [0.045, 0.06, 0.04, 0.035, 0.05, 0.035, 0.04, 0.05, 0.075, 0.035, 0.08, 0.045, 0.065, 0.05, 0.02, 0.025, 0.04, 0.035, 0.035, 0.01, 0.01, 0.005, 0.025, 0.02, 0.035, 0.02, 0.015, 0.035, 0.025, 0.04, 0.025, 0.03, 0.025, 0.05, 0.025, 0.04, 0.03, 0.025, 0.035, 0.025, 0.025, 0.035, 0.015, 0.025, 0.02, 0.01, 0.04, 0.03, 0.025, 0.025, 0.02], "house_col": "green", "id": 3, "size": [9, 12, 8, 7, 10, 7, 8, 10, 15, 7, 16, 9, 13, 10, 4, 5, 8, 7, 7, 2, 2, 1, 5, 4, 7, 4, 3, 7, 5, 8, 5, 6, 5, 10, 5, 8, 6, 5, 7, 5, 5, 7, 3, 5, 4, 2, 8, 6, 5, 5, 4]}, {"dev_col": "yellow", "temp_col": "yellow", "node_value": 4, "percent": [0.0, 0.02, 0.03, 0.03, 0.03, 0.06, 0.025, 0.02, 0.025, 0.025, 0.02, 0.025, 0.025, 0.015, 0.035, 0.02, 0.03, 0.03, 0.03, 0.035, 0.025, 0.015, 0.03, 0.02, 0.03, 0.02, 0.015, 0.025, 0.025, 0.025, 0.045, 0.025, 0.035, 0.02, 0.03, 0.03, 0.045, 0.035, 0.025, 0.05, 0.02, 0.03, 0.015, 0.03, 0.035, 0.025, 0.02, 0.045, 0.04, 0.015, 0.025], "house_col": "green", "id": 4, "size": [0, 4, 6, 6, 6, 12, 5, 4, 5, 5, 4, 5, 5, 3, 7, 4, 6, 6, 6, 7, 5, 3, 6, 4, 6, 4, 3, 5, 5, 5, 9, 5, 7, 4, 6, 6, 9, 7, 5, 10, 4, 6, 3, 6, 7, 5, 4, 9, 8, 3, 5]}, {"dev_col": "red", "temp_col": "yellow", "node_value": 5, "percent": [0.0, 0.0, 0.025, 0.025, 0.02, 0.01, 0.025, 0.035, 0.015, 0.03, 0.035, 0.04, 0.025, 0.015, 0.03, 0.02, 0.025, 0.03, 0.05, 0.03, 0.04, 0.035, 0.02, 0.035, 0.045, 0.055, 0.035, 0.04, 0.045, 0.055, 0.055, 0.065, 0.035, 0.02, 0.025, 0.01, 0.045, 0.045, 0.04, 0.045, 0.04, 0.07, 0.04, 0.05, 0.025, 0.04, 0.03, 0.025, 0.025, 0.045, 0.04], "house_col": "green", "id": 5, "size": [0, 0, 5, 5, 4, 2, 5, 7, 3, 6, 7, 8, 5, 3, 6, 4, 5, 6, 10, 6, 8, 7, 4, 7, 9, 11, 7, 8, 9, 11, 11, 13, 7, 4, 5, 2, 9, 9, 8, 9, 8, 14, 8, 10, 5, 8, 6, 5, 5, 9, 8]}, {"dev_col": "green", "temp_col": "red", "node_value": 6, "percent": [0.01, 0.03, 0.04, 0.025, 0.055, 0.04, 0.03, 0.035, 0.03, 0.06, 0.045, 0.06, 0.04, 0.05, 0.025, 0.025, 0.03, 0.04, 0.05, 0.035, 0.045, 0.035, 0.02, 0.035, 0.04, 0.045, 0.025, 0.04, 0.025, 0.03, 0.03, 0.025, 0.03, 0.03, 0.05, 0.035, 0.045, 0.035, 0.05, 0.04, 0.035, 0.03, 0.025, 0.02, 0.015, 0.025, 0.045, 0.03, 0.05, 0.045, 0.025], "house_col": "green", "id": 6, "size": [2, 6, 8, 5, 11, 8, 6, 7, 6, 12, 9, 12, 8, 10, 5, 5, 6, 8, 10, 7, 9, 7, 4, 7, 8, 9, 5, 8, 5, 6, 6, 5, 6, 6, 10, 7, 9, 7, 10, 8, 7, 6, 5, 4, 3, 5, 9, 6, 10, 9, 5]}, {"dev_col": "yellow", "temp_col": "red", "node_value": 7, "percent": [0.0, 0.015, 0.015, 0.02, 0.015, 0.025, 0.035, 0.02, 0.025, 0.015, 0.03, 0.03, 0.045, 0.025, 0.04, 0.045, 0.055, 0.025, 0.01, 0.025, 0.015, 0.025, 0.04, 0.03, 0.025, 0.035, 0.055, 0.015, 0.03, 0.035, 0.045, 0.03, 0.05, 0.03, 0.01, 0.02, 0.03, 0.03, 0.025, 0.02, 0.025, 0.025, 0.015, 0.02, 0.045, 0.04, 0.05, 0.01, 0.01, 0.02, 0.03], "house_col": "green", "id": 7, "size": [0, 3, 3, 4, 3, 5, 7, 4, 5, 3, 6, 6, 9, 5, 8, 9, 11, 5, 2, 5, 3, 5, 8, 6, 5, 7, 11, 3, 6, 7, 9, 6, 10, 6, 2, 4, 6, 6, 5, 4, 5, 5, 3, 4, 9, 8, 10, 2, 2, 4, 6]}, {"dev_col": "red", "temp_col": "red", "node_value": 8, "percent": [0.0, 0.0, 0.0, 0.01, 0.01, 0.015, 0.01, 0.03, 0.015, 0.01, 0.025, 0.035, 0.035, 0.05, 0.035, 0.045, 0.04, 0.04, 0.04, 0.025, 0.035, 0.06, 0.055, 0.03, 0.035, 0.04, 0.065, 0.05, 0.035, 0.025, 0.04, 0.045, 0.055, 0.055, 0.035, 0.025, 0.03, 0.04, 0.03, 0.05, 0.03, 0.045, 0.03, 0.03, 0.03, 0.04, 0.035, 0.045, 0.05, 0.04, 0.055], "house_col": "green", "id": 8, "size": [0, 0, 0, 2, 2, 3, 2, 6, 3, 2, 5, 7, 7, 10, 7, 9, 8, 8, 8, 5, 7, 12, 11, 6, 7, 8, 13, 10, 7, 5, 8, 9, 11, 11, 7, 5, 6, 8, 6, 10, 6, 9, 6, 6, 6, 8, 7, 9, 10, 8, 11]}, {"dev_col": "green", "temp_col": "green", "node_value": 9, "percent": [0.1, 0.065, 0.05, 0.06, 0.055, 0.05, 0.025, 0.04, 0.07, 0.025, 0.03, 0.045, 0.03, 0.03, 0.055, 0.055, 0.04, 0.025, 0.025, 0.025, 0.025, 0.02, 0.04, 0.04, 0.03, 0.025, 0.01, 0.015, 0.03, 0.02, 0.03, 0.015, 0.04, 0.03, 0.035, 0.025, 0.035, 0.02, 0.035, 0.055, 0.025, 0.005, 0.025, 0.035, 0.035, 0.03, 0.03, 0.01, 0.04, 0.015, 0.02], "house_col": "yellow", "id": 9, "size": [20, 13, 10, 12, 11, 10, 5, 8, 14, 5, 6, 9, 6, 6, 11, 11, 8, 5, 5, 5, 5, 4, 8, 8, 6, 5, 2, 3, 6, 4, 6, 3, 8, 6, 7, 5, 7, 4, 7, 11, 5, 1, 5, 7, 7, 6, 6, 2, 8, 3, 4]}, {"dev_col": "yellow", "temp_col": "green", "node_value": 10, "percent": [0.015, 0.035, 0.045, 0.03, 0.04, 0.035, 0.02, 0.035, 0.035, 0.04, 0.05, 0.03, 0.01, 0.025, 0.05, 0.0, 0.02, 0.02, 0.045, 0.04, 0.035, 0.03, 0.02, 0.055, 0.035, 0.03, 0.025, 0.025, 0.03, 0.03, 0.025, 0.015, 0.015, 0.035, 0.01, 0.03, 0.025, 0.025, 0.03, 0.015, 0.045, 0.025, 0.005, 0.035, 0.015, 0.02, 0.01, 0.025, 0.03, 0.03, 0.04], "house_col": "yellow", "id": 10, "size": [3, 7, 9, 6, 8, 7, 4, 7, 7, 8, 10, 6, 2, 5, 10, 0, 4, 4, 9, 8, 7, 6, 4, 11, 7, 6, 5, 5, 6, 6, 5, 3, 3, 7, 2, 6, 5, 5, 6, 3, 9, 5, 1, 7, 3, 4, 2, 5, 6, 6, 8]}, {"dev_col": "red", "temp_col": "green", "node_value": 11, "percent": [0.0, 0.0, 0.005, 0.015, 0.015, 0.035, 0.035, 0.025, 0.02, 0.04, 0.035, 0.035, 0.03, 0.015, 0.03, 0.035, 0.025, 0.04, 0.065, 0.04, 0.07, 0.045, 0.045, 0.05, 0.05, 0.05, 0.05, 0.065, 0.065, 0.05, 0.045, 0.04, 0.055, 0.045, 0.06, 0.05, 0.015, 0.055, 0.035, 0.06, 0.035, 0.035, 0.05, 0.04, 0.045, 0.05, 0.025, 0.04, 0.06, 0.055, 0.03], "house_col": "yellow", "id": 11, "size": [0, 0, 1, 3, 3, 7, 7, 5, 4, 8, 7, 7, 6, 3, 6, 7, 5, 8, 13, 8, 14, 9, 9, 10, 10, 10, 10, 13, 13, 10, 9, 8, 11, 9, 12, 10, 3, 11, 7, 12, 7, 7, 10, 8, 9, 10, 5, 8, 12, 11, 6]}, {"dev_col": "green", "temp_col": "yellow", "node_value": 12, "percent": [0.07, 0.045, 0.04, 0.025, 0.02, 0.035, 0.03, 0.045, 0.025, 0.05, 0.04, 0.025, 0.03, 0.05, 0.045, 0.055, 0.03, 0.035, 0.02, 0.035, 0.035, 0.015, 0.03, 0.005, 0.035, 0.035, 0.005, 0.02, 0.05, 0.0, 0.025, 0.05, 0.01, 0.035, 0.02, 0.01, 0.03, 0.04, 0.05, 0.03, 0.025, 0.04, 0.025, 0.025, 0.035, 0.025, 0.015, 0.045, 0.02, 0.025, 0.045], "house_col": "yellow", "id": 12, "size": [14, 9, 8, 5, 4, 7, 6, 9, 5, 10, 8, 5, 6, 10, 9, 11, 6, 7, 4, 7, 7, 3, 6, 1, 7, 7, 1, 4, 10, 0, 5, 10, 2, 7, 4, 2, 6, 8, 10, 6, 5, 8, 5, 5, 7, 5, 3, 9, 4, 5, 9]}, {"dev_col": "yellow", "temp_col": "yellow", "node_value": 13, "percent": [0.0, 0.02, 0.005, 0.05, 0.06, 0.05, 0.045, 0.03, 0.015, 0.03, 0.025, 0.03, 0.015, 0.04, 0.03, 0.035, 0.025, 0.03, 0.025, 0.005, 0.015, 0.045, 0.025, 0.035, 0.02, 0.005, 0.03, 0.04, 0.04, 0.025, 0.035, 0.05, 0.02, 0.02, 0.03, 0.035, 0.03, 0.03, 0.035, 0.03, 0.03, 0.02, 0.02, 0.025, 0.035, 0.03, 0.02, 0.02, 0.03, 0.035, 0.02], "house_col": "yellow", "id": 13, "size": [0, 4, 1, 10, 12, 10, 9, 6, 3, 6, 5, 6, 3, 8, 6, 7, 5, 6, 5, 1, 3, 9, 5, 7, 4, 1, 6, 8, 8, 5, 7, 10, 4, 4, 6, 7, 6, 6, 7, 6, 6, 4, 4, 5, 7, 6, 4, 4, 6, 7, 4]}, {"dev_col": "red", "temp_col": "yellow", "node_value": 14, "percent": [0.0, 0.005, 0.005, 0.015, 0.01, 0.01, 0.015, 0.02, 0.02, 0.035, 0.03, 0.03, 0.025, 0.025, 0.005, 0.02, 0.015, 0.015, 0.03, 0.035, 0.045, 0.03, 0.015, 0.025, 0.02, 0.02, 0.04, 0.045, 0.06, 0.07, 0.04, 0.035, 0.035, 0.035, 0.05, 0.03, 0.05, 0.055, 0.055, 0.03, 0.035, 0.05, 0.045, 0.02, 0.05, 0.04, 0.04, 0.025, 0.04, 0.025, 0.035], "house_col": "yellow", "id": 14, "size": [0, 1, 1, 3, 2, 2, 3, 4, 4, 7, 6, 6, 5, 5, 1, 4, 3, 3, 6, 7, 9, 6, 3, 5, 4, 4, 8, 9, 12, 14, 8, 7, 7, 7, 10, 6, 10, 11, 11, 6, 7, 10, 9, 4, 10, 8, 8, 5, 8, 5, 7]}, {"dev_col": "green", "temp_col": "red", "node_value": 15, "percent": [0.055, 0.045, 0.035, 0.06, 0.025, 0.03, 0.05, 0.07, 0.055, 0.015, 0.03, 0.055, 0.03, 0.015, 0.045, 0.055, 0.055, 0.035, 0.04, 0.045, 0.05, 0.045, 0.04, 0.045, 0.015, 0.015, 0.02, 0.015, 0.02, 0.035, 0.03, 0.04, 0.025, 0.04, 0.03, 0.045, 0.025, 0.025, 0.015, 0.025, 0.045, 0.015, 0.02, 0.045, 0.02, 0.025, 0.025, 0.035, 0.025, 0.065, 0.05], "house_col": "yellow", "id": 15, "size": [11, 9, 7, 12, 5, 6, 10, 14, 11, 3, 6, 11, 6, 3, 9, 11, 11, 7, 8, 9, 10, 9, 8, 9, 3, 3, 4, 3, 4, 7, 6, 8, 5, 8, 6, 9, 5, 5, 3, 5, 9, 3, 4, 9, 4, 5, 5, 7, 5, 13, 10]}, {"dev_col": "yellow", "temp_col": "red", "node_value": 16, "percent": [0.015, 0.03, 0.05, 0.025, 0.02, 0.055, 0.05, 0.04, 0.045, 0.055, 0.02, 0.015, 0.03, 0.035, 0.04, 0.035, 0.015, 0.065, 0.04, 0.045, 0.02, 0.04, 0.06, 0.02, 0.02, 0.03, 0.035, 0.01, 0.025, 0.035, 0.03, 0.03, 0.02, 0.025, 0.035, 0.01, 0.025, 0.025, 0.015, 0.01, 0.02, 0.035, 0.05, 0.005, 0.015, 0.03, 0.015, 0.05, 0.015, 0.035, 0.025], "house_col": "yellow", "id": 16, "size": [3, 6, 10, 5, 4, 11, 10, 8, 9, 11, 4, 3, 6, 7, 8, 7, 3, 13, 8, 9, 4, 8, 12, 4, 4, 6, 7, 2, 5, 7, 6, 6, 4, 5, 7, 2, 5, 5, 3, 2, 4, 7, 10, 1, 3, 6, 3, 10, 3, 7, 5]}, {"dev_col": "red", "temp_col": "red", "node_value": 17, "percent": [0.0, 0.005, 0.01, 0.01, 0.025, 0.015, 0.015, 0.01, 0.04, 0.045, 0.045, 0.04, 0.025, 0.065, 0.06, 0.045, 0.03, 0.03, 0.055, 0.055, 0.045, 0.035, 0.04, 0.06, 0.045, 0.045, 0.045, 0.045, 0.045, 0.03, 0.04, 0.05, 0.05, 0.035, 0.03, 0.07, 0.03, 0.035, 0.03, 0.07, 0.055, 0.025, 0.055, 0.07, 0.07, 0.045, 0.05, 0.03, 0.045, 0.045, 0.065], "house_col": "yellow", "id": 17, "size": [0, 1, 2, 2, 5, 3, 3, 2, 8, 9, 9, 8, 5, 13, 12, 9, 6, 6, 11, 11, 9, 7, 8, 12, 9, 9, 9, 9, 9, 6, 8, 10, 10, 7, 6, 14, 6, 7, 6, 14, 11, 5, 11, 14, 14, 9, 10, 6, 9, 9, 13]}, {"dev_col": "green", "temp_col": "green", "node_value": 18, "percent": [0.175, 0.13, 0.09, 0.085, 0.06, 0.08, 0.065, 0.04, 0.025, 0.04, 0.035, 0.025, 0.015, 0.055, 0.03, 0.04, 0.025, 0.04, 0.025, 0.05, 0.03, 0.02, 0.015, 0.025, 0.025, 0.035, 0.03, 0.025, 0.03, 0.03, 0.02, 0.035, 0.04, 0.03, 0.025, 0.045, 0.03, 0.045, 0.045, 0.03, 0.025, 0.035, 0.03, 0.035, 0.055, 0.055, 0.04, 0.03, 0.03, 0.045, 0.045], "house_col": "red", "id": 18, "size": [35, 26, 18, 17, 12, 16, 13, 8, 5, 8, 7, 5, 3, 11, 6, 8, 5, 8, 5, 10, 6, 4, 3, 5, 5, 7, 6, 5, 6, 6, 4, 7, 8, 6, 5, 9, 6, 9, 9, 6, 5, 7, 6, 7, 11, 11, 8, 6, 6, 9, 9]}, {"dev_col": "yellow", "temp_col": "green", "node_value": 19, "percent": [0.025, 0.05, 0.05, 0.05, 0.035, 0.035, 0.03, 0.025, 0.04, 0.05, 0.025, 0.03, 0.07, 0.03, 0.03, 0.04, 0.035, 0.035, 0.06, 0.045, 0.045, 0.05, 0.045, 0.05, 0.04, 0.03, 0.015, 0.025, 0.015, 0.03, 0.025, 0.02, 0.03, 0.035, 0.045, 0.055, 0.04, 0.03, 0.02, 0.015, 0.04, 0.025, 0.02, 0.045, 0.015, 0.03, 0.055, 0.035, 0.03, 0.025, 0.035], "house_col": "red", "id": 19, "size": [5, 10, 10, 10, 7, 7, 6, 5, 8, 10, 5, 6, 14, 6, 6, 8, 7, 7, 12, 9, 9, 10, 9, 10, 8, 6, 3, 5, 3, 6, 5, 4, 6, 7, 9, 11, 8, 6, 4, 3, 8, 5, 4, 9, 3, 6, 11, 7, 6, 5, 7]}, {"dev_col": "red", "temp_col": "green", "node_value": 20, "percent": [0.0, 0.0, 0.0, 0.01, 0.01, 0.015, 0.02, 0.035, 0.025, 0.025, 0.005, 0.015, 0.035, 0.04, 0.02, 0.025, 0.04, 0.055, 0.065, 0.075, 0.075, 0.065, 0.055, 0.05, 0.105, 0.09, 0.07, 0.05, 0.055, 0.035, 0.025, 0.035, 0.03, 0.05, 0.045, 0.04, 0.05, 0.05, 0.065, 0.055, 0.065, 0.04, 0.03, 0.025, 0.04, 0.055, 0.065, 0.035, 0.035, 0.045, 0.035], "house_col": "red", "id": 20, "size": [0, 0, 0, 2, 2, 3, 4, 7, 5, 5, 1, 3, 7, 8, 4, 5, 8, 11, 13, 15, 15, 13, 11, 10, 21, 18, 14, 10, 11, 7, 5, 7, 6, 10, 9, 8, 10, 10, 13, 11, 13, 8, 6, 5, 8, 11, 13, 7, 7, 9, 7]}, {"dev_col": "green", "temp_col": "yellow", "node_value": 21, "percent": [0.195, 0.115, 0.085, 0.1, 0.105, 0.05, 0.05, 0.05, 0.035, 0.035, 0.035, 0.02, 0.025, 0.02, 0.025, 0.04, 0.055, 0.045, 0.02, 0.015, 0.035, 0.055, 0.045, 0.03, 0.015, 0.015, 0.02, 0.015, 0.025, 0.015, 0.02, 0.045, 0.03, 0.05, 0.05, 0.025, 0.03, 0.035, 0.025, 0.03, 0.01, 0.03, 0.04, 0.045, 0.035, 0.035, 0.045, 0.035, 0.02, 0.025, 0.015], "house_col": "red", "id": 21, "size": [39, 23, 17, 20, 21, 10, 10, 10, 7, 7, 7, 4, 5, 4, 5, 8, 11, 9, 4, 3, 7, 11, 9, 6, 3, 3, 4, 3, 5, 3, 4, 9, 6, 10, 10, 5, 6, 7, 5, 6, 2, 6, 8, 9, 7, 7, 9, 7, 4, 5, 3]}, {"dev_col": "yellow", "temp_col": "yellow", "node_value": 22, "percent": [0.035, 0.07, 0.085, 0.045, 0.05, 0.05, 0.045, 0.04, 0.02, 0.03, 0.03, 0.04, 0.045, 0.02, 0.04, 0.03, 0.065, 0.045, 0.04, 0.025, 0.015, 0.035, 0.045, 0.025, 0.025, 0.03, 0.03, 0.04, 0.035, 0.03, 0.06, 0.015, 0.03, 0.025, 0.02, 0.045, 0.05, 0.025, 0.035, 0.035, 0.04, 0.03, 0.05, 0.04, 0.035, 0.035, 0.02, 0.045, 0.04, 0.035, 0.04], "house_col": "red", "id": 22, "size": [7, 14, 17, 9, 10, 10, 9, 8, 4, 6, 6, 8, 9, 4, 8, 6, 13, 9, 8, 5, 3, 7, 9, 5, 5, 6, 6, 8, 7, 6, 12, 3, 6, 5, 4, 9, 10, 5, 7, 7, 8, 6, 10, 8, 7, 7, 4, 9, 8, 7, 8]}, {"dev_col": "red", "temp_col": "yellow", "node_value": 23, "percent": [0.0, 0.01, 0.01, 0.01, 0.01, 0.02, 0.045, 0.015, 0.015, 0.01, 0.04, 0.035, 0.025, 0.015, 0.015, 0.035, 0.05, 0.055, 0.01, 0.02, 0.03, 0.05, 0.05, 0.035, 0.025, 0.05, 0.085, 0.095, 0.05, 0.05, 0.035, 0.045, 0.035, 0.04, 0.04, 0.045, 0.05, 0.04, 0.05, 0.065, 0.09, 0.085, 0.045, 0.04, 0.055, 0.075, 0.05, 0.085, 0.055, 0.035, 0.03], "house_col": "red", "id": 23, "size": [0, 2, 2, 2, 2, 4, 9, 3, 3, 2, 8, 7, 5, 3, 3, 7, 10, 11, 2, 4, 6, 10, 10, 7, 5, 10, 17, 19, 10, 10, 7, 9, 7, 8, 8, 9, 10, 8, 10, 13, 18, 17, 9, 8, 11, 15, 10, 17, 11, 7, 6]}, {"dev_col": "green", "temp_col": "red", "node_value": 24, "percent": [0.15, 0.095, 0.085, 0.065, 0.06, 0.075, 0.065, 0.025, 0.04, 0.055, 0.055, 0.04, 0.04, 0.045, 0.07, 0.06, 0.045, 0.05, 0.055, 0.045, 0.055, 0.035, 0.03, 0.025, 0.03, 0.04, 0.035, 0.05, 0.03, 0.045, 0.035, 0.055, 0.06, 0.045, 0.05, 0.055, 0.025, 0.03, 0.05, 0.04, 0.03, 0.075, 0.055, 0.045, 0.05, 0.05, 0.06, 0.045, 0.045, 0.04, 0.065], "house_col": "red", "id": 24, "size": [30, 19, 17, 13, 12, 15, 13, 5, 8, 11, 11, 8, 8, 9, 14, 12, 9, 10, 11, 9, 11, 7, 6, 5, 6, 8, 7, 10, 6, 9, 7, 11, 12, 9, 10, 11, 5, 6, 10, 8, 6, 15, 11, 9, 10, 10, 12, 9, 9, 8, 13]}, {"dev_col": "yellow", "temp_col": "red", "node_value": 25, "percent": [0.02, 0.08, 0.07, 0.065, 0.065, 0.025, 0.045, 0.075, 0.055, 0.045, 0.055, 0.05, 0.06, 0.085, 0.05, 0.055, 0.04, 0.02, 0.03, 0.05, 0.045, 0.045, 0.02, 0.03, 0.075, 0.03, 0.035, 0.03, 0.035, 0.03, 0.05, 0.03, 0.055, 0.065, 0.07, 0.02, 0.035, 0.035, 0.02, 0.045, 0.045, 0.03, 0.06, 0.05, 0.06, 0.045, 0.05, 0.06, 0.07, 0.075, 0.055], "house_col": "red", "id": 25, "size": [4, 16, 14, 13, 13, 5, 9, 15, 11, 9, 11, 10, 12, 17, 10, 11, 8, 4, 6, 10, 9, 9, 4, 6, 15, 6, 7, 6, 7, 6, 10, 6, 11, 13, 14, 4, 7, 7, 4, 9, 9, 6, 12, 10, 12, 9, 10, 12, 14, 15, 11]}, {"dev_col": "red", "temp_col": "red", "node_value": 26, "percent": [0.0, 0.005, 0.02, 0.03, 0.035, 0.055, 0.045, 0.055, 0.1, 0.09, 0.075, 0.075, 0.08, 0.045, 0.06, 0.055, 0.065, 0.055, 0.085, 0.08, 0.075, 0.065, 0.065, 0.095, 0.07, 0.09, 0.07, 0.09, 0.085, 0.095, 0.085, 0.08, 0.075, 0.07, 0.07, 0.07, 0.075, 0.085, 0.075, 0.06, 0.05, 0.07, 0.07, 0.1, 0.065, 0.055, 0.075, 0.07, 0.07, 0.065, 0.05], "house_col": "red", "id": 26, "size": [0, 1, 4, 6, 7, 11, 9, 11, 20, 18, 15, 15, 16, 9, 12, 11, 13, 11, 17, 16, 15, 13, 13, 19, 14, 18, 14, 18, 17, 19, 17, 16, 15, 14, 14, 14, 15, 17, 15, 12, 10, 14, 14, 20, 13, 11, 15, 14, 14, 13, 10]}], "optimistic": [{"dev_col": "green", "temp_col": "green", "node_value": 0, "percent": [0.085, 0.145, 0.31, 0.45, 0.5, 0.555, 0.545, 0.51, 0.555, 0.64, 0.595, 0.58, 0.565, 0.52, 0.555, 0.575, 0.64, 0.56, 0.61, 0.57, 0.63, 0.63, 0.65, 0.56, 0.625, 0.635, 0.585, 0.565, 0.57, 0.605, 0.615, 0.57, 0.58, 0.595, 0.625, 0.645, 0.565, 0.655, 0.57, 0.605, 0.51, 0.57, 0.595, 0.61, 0.605, 0.66, 0.565, 0.57, 0.605, 0.605, 0.6], "house_col": "green", "id": 0, "size": [17, 29, 62, 90, 100, 111, 109, 102, 111, 128, 119, 116, 113, 104, 111, 115, 128, 112, 122, 114, 126, 126, 130, 112, 125, 127, 117, 113, 114, 121, 123, 114, 116, 119, 125, 129, 113, 131, 114, 121, 102, 114, 119, 122, 121, 132, 113, 114, 121, 121, 120]}, {"dev_col": "yellow", "temp_col": "green", "node_value": 1, "percent": [0.005, 0.025, 0.06, 0.04, 0.095, 0.085, 0.15, 0.09, 0.065, 0.06, 0.07, 0.06, 0.035, 0.13, 0.09, 0.095, 0.085, 0.11, 0.11, 0.11, 0.06, 0.105, 0.075, 0.12, 0.095, 0.095, 0.12, 0.12, 0.125, 0.135, 0.095, 0.08, 0.1, 0.095, 0.08, 0.09, 0.1, 0.06, 0.075, 0.06, 0.085, 0.1, 0.13, 0.09, 0.07, 0.08, 0.12, 0.135, 0.09, 0.06, 0.07], "house_col": "green", "id": 1, "size": [1, 5, 12, 8, 19, 17, 30, 18, 13, 12, 14, 12, 7, 26, 18, 19, 17, 22, 22, 22, 12, 21, 15, 24, 19, 19, 24, 24, 25, 27, 19, 16, 20, 19, 16, 18, 20, 12, 15, 12, 17, 20, 26, 18, 14, 16, 24, 27, 18, 12, 14]}, {"dev_col": "red", "temp_col": "green", "node_value": 2, "percent": [0.0, 0.0, 0.005, 0.005, 0.0, 0.02, 0.01, 0.015, 0.01, 0.0, 0.01, 0.005, 0.01, 0.015, 0.01, 0.005, 0.005, 0.0, 0.005, 0.005, 0.025, 0.02, 0.01, 0.0, 0.0, 0.005, 0.01, 0.025, 0.02, 0.0, 0.025, 0.03, 0.01, 0.01, 0.0, 0.005, 0.02, 0.005, 0.01, 0.01, 0.01, 0.01, 0.015, 0.01, 0.01, 0.005, 0.02, 0.02, 0.01, 0.005, 0.005], "house_col": "green", "id": 2, "size": [0, 0, 1, 1, 0, 4, 2, 3, 2, 0, 2, 1, 2, 3, 2, 1, 1, 0, 1, 1, 5, 4, 2, 0, 0, 1, 2, 5, 4, 0, 5, 6, 2, 2, 0, 1, 4, 1, 2, 2, 2, 2, 3, 2, 2, 1, 4, 4, 2, 1, 1]}, {"dev_col": "green", "temp_col": "yellow", "node_value": 3, "percent": [0.045, 0.075, 0.11, 0.085, 0.095, 0.1, 0.08, 0.085, 0.115, 0.085, 0.12, 0.13, 0.15, 0.12, 0.14, 0.095, 0.08, 0.105, 0.07, 0.1, 0.09, 0.085, 0.05, 0.115, 0.065, 0.09, 0.085, 0.06, 0.08, 0.075, 0.065, 0.11, 0.1, 0.085, 0.105, 0.11, 0.115, 0.08, 0.14, 0.09, 0.16, 0.09, 0.07, 0.105, 0.11, 0.095, 0.14, 0.125, 0.1, 0.115, 0.11], "house_col": "green", "id": 3, "size": [9, 15, 22, 17, 19, 20, 16, 17, 23, 17, 24, 26, 30, 24, 28, 19, 16, 21, 14, 20, 18, 17, 10, 23, 13, 18, 17, 12, 16, 15, 13, 22, 20, 17, 21, 22, 23, 16, 28, 18, 32, 18, 14, 21, 22, 19, 28, 25, 20, 23, 22]}, {"dev_col": "yellow", "temp_col": "yellow", "node_value": 4, "percent": [0.0, 0.01, 0.01, 0.015, 0.02, 0.025, 0.0, 0.035, 0.02, 0.01, 0.02, 0.025, 0.005, 0.0, 0.005, 0.04, 0.01, 0.02, 0.02, 0.015, 0.035, 0.015, 0.025, 0.02, 0.015, 0.005, 0.01, 0.005, 0.02, 0.015, 0.02, 0.015, 0.035, 0.03, 0.01, 0.015, 0.01, 0.005, 0.015, 0.01, 0.02, 0.015, 0.01, 0.01, 0.005, 0.015, 0.0, 0.01, 0.01, 0.01, 0.025], "house_col": "green", "id": 4, "size": [0, 2, 2, 3, 4, 5, 0, 7, 4, 2, 4, 5, 1, 0, 1, 8, 2, 4, 4, 3, 7, 3, 5, 4, 3, 1, 2, 1, 4, 3, 4, 3, 7, 6, 2, 3, 2, 1, 3, 2, 4, 3, 2, 2, 1, 3, 0, 2, 2, 2, 5]}, {"dev_col": "red", "temp_col": "yellow", "node_value": 5, "percent": [0.0, 0.0, 0.0, 0.005, 0.005, 0.005, 0.0, 0.0, 0.0, 0.0, 0.005, 0.0, 0.0, 0.0, 0.01, 0.0, 0.0, 0.0, 0.0, 0.0, 0.0, 0.0, 0.0, 0.0, 0.0, 0.005, 0.0, 0.0, 0.005, 0.005, 0.0, 0.005, 0.0, 0.0, 0.0, 0.005, 0.0, 0.005, 0.0, 0.01, 0.0, 0.0, 0.0, 0.0, 0.0, 0.0, 0.0, 0.0, 0.0, 0.0, 0.0], "house_col": "green", "id": 5, "size": [0, 0, 0, 1, 1, 1, 0, 0, 0, 0, 1, 0, 0, 0, 2, 0, 0, 0, 0, 0, 0, 0, 0, 0, 0, 1, 0, 0, 1, 1, 0, 1, 0, 0, 0, 1, 0, 1, 0, 2, 0, 0, 0, 0, 0, 0, 0, 0, 0, 0, 0]}, {"dev_col": "green", "temp_col": "red", "node_value": 6, "percent": [0.01, 0.025, 0.025, 0.04, 0.01, 0.02, 0.01, 0.025, 0.015, 0.01, 0.01, 0.01, 0.02, 0.02, 0.015, 0.03, 0.01, 0.005, 0.015, 0.02, 0.01, 0.005, 0.005, 0.005, 0.02, 0.025, 0.01, 0.02, 0.02, 0.015, 0.01, 0.025, 0.035, 0.025, 0.02, 0.005, 0.015, 0.03, 0.01, 0.025, 0.015, 0.02, 0.025, 0.03, 0.02, 0.01, 0.01, 0.015, 0.025, 0.015, 0.01], "house_col": "green", "id": 6, "size": [2, 5, 5, 8, 2, 4, 2, 5, 3, 2, 2, 2, 4, 4, 3, 6, 2, 1, 3, 4, 2, 1, 1, 1, 4, 5, 2, 4, 4, 3, 2, 5, 7, 5, 4, 1, 3, 6, 2, 5, 3, 4, 5, 6, 4, 2, 2, 3, 5, 3, 2]}, {"dev_col": "yellow", "temp_col": "red", "node_value": 7, "percent": [0.0, 0.0, 0.0, 0.0, 0.0, 0.0, 0.005, 0.0, 0.005, 0.01, 0.0, 0.0, 0.0, 0.005, 0.0, 0.0, 0.005, 0.0, 0.005, 0.0, 0.0, 0.005, 0.0, 0.0, 0.0, 0.0, 0.0, 0.02, 0.0, 0.0, 0.0, 0.0, 0.0, 0.005, 0.0, 0.0, 0.005, 0.0, 0.0, 0.0, 0.005, 0.005, 0.005, 0.0, 0.0, 0.0, 0.0, 0.0, 0.005, 0.005, 0.0], "house_col": "green", "id": 7, "size": [0, 0, 0, 0, 0, 0, 1, 0, 1, 2, 0, 0, 0, 1, 0, 0, 1, 0, 1, 0, 0, 1, 0, 0, 0, 0, 0, 4, 0, 0, 0, 0, 0, 1, 0, 0, 1, 0, 0, 0, 1, 1, 1, 0, 0, 0, 0, 0, 1, 1, 0]}, {"dev_col": "red", "temp_col": "red", "node_value": 8, "percent": [0.0, 0.0, 0.0, 0.0, 0.0, 0.0, 0.0, 0.0, 0.0, 0.005, 0.0, 0.0, 0.0, 0.0, 0.0, 0.0, 0.0, 0.0, 0.005, 0.005, 0.0, 0.0, 0.0, 0.0, 0.0, 0.0, 0.0, 0.0, 0.0, 0.0, 0.0, 0.0, 0.0, 0.0, 0.005, 0.005, 0.0, 0.0, 0.0, 0.0, 0.0, 0.005, 0.0, 0.0, 0.0, 0.0, 0.0, 0.0, 0.0, 0.0, 0.0], "house_col": "green", "id": 8, "size": [0, 0, 0, 0, 0, 0, 0, 0, 0, 1, 0, 0, 0, 0, 0, 0, 0, 0, 1, 1, 0, 0, 0, 0, 0, 0, 0, 0, 0, 0, 0, 0, 0, 0, 1, 1, 0, 0, 0, 0, 0, 1, 0, 0, 0, 0, 0, 0, 0, 0, 0]}, {"dev_col": "green", "temp_col": "green", "node_value": 9, "percent": [0.1, 0.24, 0.2, 0.155, 0.15, 0.12, 0.14, 0.18, 0.155, 0.095, 0.115, 0.09, 0.15, 0.115, 0.08, 0.085, 0.095, 0.12, 0.075, 0.13, 0.115, 0.085, 0.11, 0.115, 0.14, 0.095, 0.095, 0.12, 0.1, 0.08, 0.115, 0.095, 0.075, 0.09, 0.1, 0.07, 0.125, 0.08, 0.1, 0.105, 0.125, 0.13, 0.085, 0.085, 0.09, 0.085, 0.08, 0.06, 0.1, 0.11, 0.095], "house_col": "yellow", "id": 9, "size": [20, 48, 40, 31, 30, 24, 28, 36, 31, 19, 23, 18, 30, 23, 16, 17, 19, 24, 15, 26, 23, 17, 22, 23, 28, 19, 19, 24, 20, 16, 23, 19, 15, 18, 20, 14, 25, 16, 20, 21, 25, 26, 17, 17, 18, 17, 16, 12, 20, 22, 19]}, {"dev_col": "yellow", "temp_col": "green", "node_value": 10, "percent": [0.015, 0.03, 0.04, 0.035, 0.02, 0.015, 0.01, 0.035, 0.005, 0.02, 0.02, 0.025, 0.025, 0.03, 0.025, 0.015, 0.01, 0.01, 0.025, 0.015, 0.005, 0.015, 0.02, 0.03, 0.005, 0.0, 0.02, 0.02, 0.01, 0.025, 0.005, 0.025, 0.02, 0.03, 0.0, 0.015, 0.02, 0.035, 0.02, 0.035, 0.02, 0.015, 0.005, 0.015, 0.03, 0.01, 0.015, 0.01, 0.01, 0.02, 0.025], "house_col": "yellow", "id": 10, "size": [3, 6, 8, 7, 4, 3, 2, 7, 1, 4, 4, 5, 5, 6, 5, 3, 2, 2, 5, 3, 1, 3, 4, 6, 1, 0, 4, 4, 2, 5, 1, 5, 4, 6, 0, 3, 4, 7, 4, 7, 4, 3, 1, 3, 6, 2, 3, 2, 2, 4, 5]}, {"dev_col": "red", "temp_col": "green", "node_value": 11, "percent": [0.0, 0.01, 0.0, 0.005, 0.005, 0.0, 0.005, 0.0, 0.0, 0.0, 0.0, 0.0, 0.0, 0.0, 0.0, 0.0, 0.0, 0.005, 0.0, 0.0, 0.005, 0.0, 0.005, 0.0, 0.0, 0.0, 0.005, 0.0, 0.0, 0.005, 0.01, 0.0, 0.0, 0.0, 0.005, 0.0, 0.0, 0.005, 0.0, 0.0, 0.005, 0.0, 0.0, 0.005, 0.005, 0.005, 0.0, 0.005, 0.005, 0.01, 0.005], "house_col": "yellow", "id": 11, "size": [0, 2, 0, 1, 1, 0, 1, 0, 0, 0, 0, 0, 0, 0, 0, 0, 0, 1, 0, 0, 1, 0, 1, 0, 0, 0, 1, 0, 0, 1, 2, 0, 0, 0, 1, 0, 0, 1, 0, 0, 1, 0, 0, 1, 1, 1, 0, 1, 1, 2, 1]}, {"dev_col": "green", "temp_col": "yellow", "node_value": 12, "percent": [0.07, 0.15, 0.05, 0.03, 0.055, 0.01, 0.03, 0.015, 0.025, 0.02, 0.005, 0.035, 0.01, 0.02, 0.035, 0.03, 0.035, 0.025, 0.02, 0.015, 0.005, 0.015, 0.015, 0.0, 0.02, 0.005, 0.035, 0.01, 0.015, 0.015, 0.025, 0.015, 0.02, 0.01, 0.01, 0.005, 0.01, 0.01, 0.02, 0.015, 0.025, 0.02, 0.045, 0.01, 0.015, 0.005, 0.02, 0.03, 0.02, 0.025, 0.015], "house_col": "yellow", "id": 12, "size": [14, 30, 10, 6, 11, 2, 6, 3, 5, 4, 1, 7, 2, 4, 7, 6, 7, 5, 4, 3, 1, 3, 3, 0, 4, 1, 7, 2, 3, 3, 5, 3, 4, 2, 2, 1, 2, 2, 4, 3, 5, 4, 9, 2, 3, 1, 4, 6, 4, 5, 3]}, {"dev_col": "yellow", "temp_col": "yellow", "node_value": 13, "percent": [0.0, 0.005, 0.015, 0.01, 0.005, 0.0, 0.0, 0.0, 0.0, 0.0, 0.005, 0.0, 0.005, 0.0, 0.01, 0.0, 0.005, 0.0, 0.005, 0.005, 0.0, 0.0, 0.005, 0.0, 0.01, 0.005, 0.0, 0.005, 0.005, 0.01, 0.005, 0.0, 0.005, 0.01, 0.005, 0.005, 0.0, 0.005, 0.0, 0.005, 0.0, 0.005, 0.0, 0.0, 0.005, 0.01, 0.0, 0.0, 0.005, 0.005, 0.0], "house_col": "yellow", "id": 13, "size": [0, 1, 3, 2, 1, 0, 0, 0, 0, 0, 1, 0, 1, 0, 2, 0, 1, 0, 1, 1, 0, 0, 1, 0, 2, 1, 0, 1, 1, 2, 1, 0, 1, 2, 1, 1, 0, 1, 0, 1, 0, 1, 0, 0, 1, 2, 0, 0, 1, 1, 0]}, {"dev_col": "red", "temp_col": "yellow", "node_value": 14, "percent": [0.0, 0.0, 0.005, 0.0, 0.0, 0.0, 0.0, 0.0, 0.0, 0.0, 0.0, 0.0, 0.0, 0.0, 0.0, 0.0, 0.0, 0.0, 0.0, 0.0, 0.0, 0.0, 0.0, 0.0, 0.0, 0.0, 0.0, 0.0, 0.0, 0.0, 0.0, 0.0, 0.005, 0.0, 0.0, 0.0, 0.0, 0.0, 0.0, 0.0, 0.0, 0.0, 0.0, 0.0, 0.0, 0.0, 0.0, 0.0, 0.0, 0.0, 0.005], "house_col": "yellow", "id": 14, "size": [0, 0, 1, 0, 0, 0, 0, 0, 0, 0, 0, 0, 0, 0, 0, 0, 0, 0, 0, 0, 0, 0, 0, 0, 0, 0, 0, 0, 0, 0, 0, 0, 1, 0, 0, 0, 0, 0, 0, 0, 0, 0, 0, 0, 0, 0, 0, 0, 0, 0, 1]}, {"dev_col": "green", "temp_col": "red", "node_value": 15, "percent": [0.055, 0.03, 0.02, 0.015, 0.005, 0.005, 0.0, 0.0, 0.0, 0.01, 0.0, 0.015, 0.005, 0.0, 0.0, 0.0, 0.005, 0.0, 0.01, 0.0, 0.01, 0.0, 0.005, 0.0, 0.0, 0.0, 0.005, 0.0, 0.0, 0.0, 0.0, 0.005, 0.0, 0.005, 0.0, 0.0, 0.005, 0.005, 0.005, 0.005, 0.0, 0.0, 0.0, 0.01, 0.01, 0.005, 0.005, 0.0, 0.0, 0.005, 0.01], "house_col": "yellow", "id": 15, "size": [11, 6, 4, 3, 1, 1, 0, 0, 0, 2, 0, 3, 1, 0, 0, 0, 1, 0, 2, 0, 2, 0, 1, 0, 0, 0, 1, 0, 0, 0, 0, 1, 0, 1, 0, 0, 1, 1, 1, 1, 0, 0, 0, 2, 2, 1, 1, 0, 0, 1, 2]}, {"dev_col": "yellow", "temp_col": "red", "node_value": 16, "percent": [0.015, 0.01, 0.0, 0.0, 0.0, 0.005, 0.0, 0.0, 0.0, 0.0, 0.0, 0.0, 0.0, 0.005, 0.0, 0.005, 0.0, 0.0, 0.0, 0.0, 0.0, 0.0, 0.0, 0.0, 0.0, 0.0, 0.0, 0.0, 0.0, 0.0, 0.0, 0.0, 0.0, 0.0, 0.0, 0.0, 0.0, 0.0, 0.0, 0.005, 0.0, 0.0, 0.0, 0.005, 0.0, 0.0, 0.0, 0.0, 0.0, 0.0, 0.0], "house_col": "yellow", "id": 16, "size": [3, 2, 0, 0, 0, 1, 0, 0, 0, 0, 0, 0, 0, 1, 0, 1, 0, 0, 0, 0, 0, 0, 0, 0, 0, 0, 0, 0, 0, 0, 0, 0, 0, 0, 0, 0, 0, 0, 0, 1, 0, 0, 0, 1, 0, 0, 0, 0, 0, 0, 0]}, {"dev_col": "red", "temp_col": "red", "node_value": 17, "percent": [0.0, 0.0, 0.0, 0.005, 0.0, 0.0, 0.0, 0.0, 0.0, 0.0, 0.0, 0.0, 0.0, 0.0, 0.0, 0.0, 0.0, 0.0, 0.0, 0.0, 0.0, 0.0, 0.0, 0.0, 0.0, 0.0, 0.0, 0.0, 0.0, 0.0, 0.0, 0.0, 0.0, 0.0, 0.0, 0.0, 0.0, 0.0, 0.0, 0.0, 0.0, 0.0, 0.0, 0.0, 0.0, 0.0, 0.0, 0.0, 0.0, 0.0, 0.0], "house_col": "yellow", "id": 17, "size": [0, 0, 0, 1, 0, 0, 0, 0, 0, 0, 0, 0, 0, 0, 0, 0, 0, 0, 0, 0, 0, 0, 0, 0, 0, 0, 0, 0, 0, 0, 0, 0, 0, 0, 0, 0, 0, 0, 0, 0, 0, 0, 0, 0, 0, 0, 0, 0, 0, 0, 0]}, {"dev_col": "green", "temp_col": "green", "node_value": 18, "percent": [0.175, 0.12, 0.095, 0.05, 0.02, 0.03, 0.01, 0.01, 0.015, 0.02, 0.015, 0.01, 0.015, 0.02, 0.02, 0.015, 0.01, 0.03, 0.02, 0.005, 0.005, 0.015, 0.025, 0.025, 0.0, 0.02, 0.02, 0.025, 0.025, 0.015, 0.01, 0.02, 0.01, 0.0, 0.025, 0.015, 0.005, 0.015, 0.03, 0.02, 0.015, 0.01, 0.005, 0.01, 0.02, 0.01, 0.02, 0.01, 0.005, 0.005, 0.015], "house_col": "red", "id": 18, "size": [35, 24, 19, 10, 4, 6, 2, 2, 3, 4, 3, 2, 3, 4, 4, 3, 2, 6, 4, 1, 1, 3, 5, 5, 0, 4, 4, 5, 5, 3, 2, 4, 2, 0, 5, 3, 1, 3, 6, 4, 3, 2, 1, 2, 4, 2, 4, 2, 1, 1, 3]}, {"dev_col": "yellow", "temp_col": "green", "node_value": 19, "percent": [0.025, 0.005, 0.01, 0.01, 0.0, 0.005, 0.0, 0.0, 0.005, 0.0, 0.0, 0.005, 0.0, 0.0, 0.005, 0.0, 0.0, 0.005, 0.005, 0.0, 0.0, 0.0, 0.0, 0.01, 0.005, 0.0, 0.0, 0.0, 0.0, 0.0, 0.0, 0.005, 0.005, 0.005, 0.01, 0.005, 0.0, 0.0, 0.0, 0.0, 0.005, 0.0, 0.0, 0.0, 0.0, 0.0, 0.0, 0.005, 0.0, 0.0, 0.0], "house_col": "red", "id": 19, "size": [5, 1, 2, 2, 0, 1, 0, 0, 1, 0, 0, 1, 0, 0, 1, 0, 0, 1, 1, 0, 0, 0, 0, 2, 1, 0, 0, 0, 0, 0, 0, 1, 1, 1, 2, 1, 0, 0, 0, 0, 1, 0, 0, 0, 0, 0, 0, 1, 0, 0, 0]}, {"dev_col": "red", "temp_col": "green", "node_value": 20, "percent": [0.0, 0.0, 0.0, 0.0, 0.0, 0.0, 0.0, 0.0, 0.0, 0.0, 0.0, 0.0, 0.0, 0.0, 0.0, 0.0, 0.0, 0.0, 0.0, 0.0, 0.0, 0.0, 0.0, 0.0, 0.0, 0.0, 0.0, 0.005, 0.0, 0.0, 0.0, 0.0, 0.0, 0.0, 0.0, 0.005, 0.005, 0.0, 0.0, 0.0, 0.0, 0.0, 0.0, 0.0, 0.0, 0.0, 0.0, 0.0, 0.0, 0.0, 0.0], "house_col": "red", "id": 20, "size": [0, 0, 0, 0, 0, 0, 0, 0, 0, 0, 0, 0, 0, 0, 0, 0, 0, 0, 0, 0, 0, 0, 0, 0, 0, 0, 0, 1, 0, 0, 0, 0, 0, 0, 0, 1, 1, 0, 0, 0, 0, 0, 0, 0, 0, 0, 0, 0, 0, 0, 0]}, {"dev_col": "green", "temp_col": "yellow", "node_value": 21, "percent": [0.195, 0.08, 0.015, 0.03, 0.015, 0.0, 0.005, 0.0, 0.005, 0.015, 0.005, 0.005, 0.005, 0.0, 0.0, 0.01, 0.0, 0.005, 0.0, 0.005, 0.005, 0.005, 0.0, 0.0, 0.0, 0.005, 0.0, 0.0, 0.005, 0.0, 0.0, 0.0, 0.0, 0.005, 0.0, 0.0, 0.0, 0.005, 0.005, 0.0, 0.0, 0.0, 0.005, 0.005, 0.005, 0.005, 0.005, 0.005, 0.01, 0.0, 0.01], "house_col": "red", "id": 21, "size": [39, 16, 3, 6, 3, 0, 1, 0, 1, 3, 1, 1, 1, 0, 0, 2, 0, 1, 0, 1, 1, 1, 0, 0, 0, 1, 0, 0, 1, 0, 0, 0, 0, 1, 0, 0, 0, 1, 1, 0, 0, 0, 1, 1, 1, 1, 1, 1, 2, 0, 2]}, {"dev_col": "yellow", "temp_col": "yellow", "node_value": 22, "percent": [0.035, 0.005, 0.0, 0.0, 0.0, 0.0, 0.0, 0.0, 0.005, 0.0, 0.0, 0.0, 0.0, 0.0, 0.0, 0.0, 0.005, 0.0, 0.0, 0.0, 0.0, 0.0, 0.0, 0.0, 0.0, 0.005, 0.0, 0.0, 0.0, 0.0, 0.0, 0.0, 0.0, 0.0, 0.0, 0.0, 0.0, 0.0, 0.0, 0.0, 0.0, 0.005, 0.005, 0.0, 0.0, 0.0, 0.0, 0.0, 0.0, 0.0, 0.0], "house_col": "red", "id": 22, "size": [7, 1, 0, 0, 0, 0, 0, 0, 1, 0, 0, 0, 0, 0, 0, 0, 1, 0, 0, 0, 0, 0, 0, 0, 0, 1, 0, 0, 0, 0, 0, 0, 0, 0, 0, 0, 0, 0, 0, 0, 0, 1, 1, 0, 0, 0, 0, 0, 0, 0, 0]}, {"dev_col": "red", "temp_col": "yellow", "node_value": 23, "percent": [0.0, 0.01, 0.005, 0.0, 0.0, 0.0, 0.0, 0.0, 0.0, 0.0, 0.0, 0.0, 0.0, 0.0, 0.0, 0.0, 0.0, 0.0, 0.0, 0.0, 0.0, 0.0, 0.0, 0.0, 0.0, 0.0, 0.0, 0.0, 0.0, 0.0, 0.0, 0.0, 0.0, 0.0, 0.0, 0.0, 0.0, 0.0, 0.0, 0.0, 0.0, 0.0, 0.0, 0.0, 0.0, 0.0, 0.0, 0.0, 0.0, 0.0, 0.0], "house_col": "red", "id": 23, "size": [0, 2, 1, 0, 0, 0, 0, 0, 0, 0, 0, 0, 0, 0, 0, 0, 0, 0, 0, 0, 0, 0, 0, 0, 0, 0, 0, 0, 0, 0, 0, 0, 0, 0, 0, 0, 0, 0, 0, 0, 0, 0, 0, 0, 0, 0, 0, 0, 0, 0, 0]}, {"dev_col": "green", "temp_col": "red", "node_value": 24, "percent": [0.15, 0.025, 0.02, 0.015, 0.0, 0.0, 0.0, 0.0, 0.0, 0.0, 0.005, 0.005, 0.0, 0.0, 0.0, 0.0, 0.0, 0.0, 0.0, 0.0, 0.0, 0.0, 0.0, 0.0, 0.0, 0.005, 0.0, 0.0, 0.0, 0.0, 0.0, 0.0, 0.0, 0.0, 0.0, 0.0, 0.0, 0.0, 0.0, 0.0, 0.0, 0.0, 0.0, 0.0, 0.0, 0.0, 0.0, 0.0, 0.0, 0.005, 0.0], "house_col": "red", "id": 24, "size": [30, 5, 4, 3, 0, 0, 0, 0, 0, 0, 1, 1, 0, 0, 0, 0, 0, 0, 0, 0, 0, 0, 0, 0, 0, 1, 0, 0, 0, 0, 0, 0, 0, 0, 0, 0, 0, 0, 0, 0, 0, 0, 0, 0, 0, 0, 0, 0, 0, 1, 0]}, {"dev_col": "yellow", "temp_col": "red", "node_value": 25, "percent": [0.02, 0.0, 0.005, 0.0, 0.0, 0.0, 0.0, 0.0, 0.0, 0.0, 0.0, 0.0, 0.0, 0.0, 0.0, 0.0, 0.0, 0.0, 0.0, 0.0, 0.0, 0.0, 0.0, 0.0, 0.0, 0.0, 0.0, 0.0, 0.0, 0.0, 0.0, 0.0, 0.0, 0.0, 0.0, 0.0, 0.0, 0.0, 0.0, 0.0, 0.0, 0.0, 0.0, 0.0, 0.0, 0.0, 0.0, 0.0, 0.0, 0.0, 0.0], "house_col": "red", "id": 25, "size": [4, 0, 1, 0, 0, 0, 0, 0, 0, 0, 0, 0, 0, 0, 0, 0, 0, 0, 0, 0, 0, 0, 0, 0, 0, 0, 0, 0, 0, 0, 0, 0, 0, 0, 0, 0, 0, 0, 0, 0, 0, 0, 0, 0, 0, 0, 0, 0, 0, 0, 0]}, {"dev_col": "red", "temp_col": "red", "node_value": 26, "percent": [0.0, 0.0, 0.0, 0.0, 0.0, 0.0, 0.0, 0.0, 0.0, 0.0, 0.0, 0.0, 0.0, 0.0, 0.0, 0.0, 0.0, 0.0, 0.0, 0.0, 0.0, 0.0, 0.0, 0.0, 0.0, 0.0, 0.0, 0.0, 0.0, 0.0, 0.0, 0.0, 0.0, 0.0, 0.0, 0.0, 0.0, 0.0, 0.0, 0.0, 0.0, 0.0, 0.0, 0.0, 0.0, 0.0, 0.0, 0.0, 0.0, 0.0, 0.0], "house_col": "red", "id": 26, "size": [0, 0, 0, 0, 0, 0, 0, 0, 0, 0, 0, 0, 0, 0, 0, 0, 0, 0, 0, 0, 0, 0, 0, 0, 0, 0, 0, 0, 0, 0, 0, 0, 0, 0, 0, 0, 0, 0, 0, 0, 0, 0, 0, 0, 0, 0, 0, 0, 0, 0, 0]}]}, "links": [{"source": 0, "target": 1, "value": 0}, {"source": 0, "target": 3, "value": 0}, {"source": 0, "target": 9, "value": 0}, {"source": 1, "target": 2, "value": 0}, {"source": 1, "target": 4, "value": 0}, {"source": 1, "target": 10, "value": 0}, {"source": 2, "target": 5, "value": 0}, {"source": 2, "target": 11, "value": 0}, {"source": 3, "target": 4, "value": 0}, {"source": 3, "target": 6, "value": 0}, {"source": 3, "target": 12, "value": 0}, {"source": 4, "target": 5, "value": 0}, {"source": 4, "target": 7, "value": 0}, {"source": 4, "target": 13, "value": 0}, {"source": 5, "target": 8, "value": 0}, {"source": 5, "target": 14, "value": 0}, {"source": 6, "target": 7, "value": 0}, {"source": 6, "target": 15, "value": 0}, {"source": 7, "target": 8, "value": 0}, {"source": 7, "target": 16, "value": 0}, {"source": 8, "target": 17, "value": 0}, {"source": 9, "target": 10, "value": 0}, {"source": 9, "target": 12, "value": 0}, {"source": 9, "target": 18, "value": 0}, {"source": 10, "target": 11, "value": 0}, {"source": 10, "target": 13, "value": 0}, {"source": 10, "target": 19, "value": 0}, {"source": 11, "target": 14, "value": 0}, {"source": 11, "target": 20, "value": 0}, {"source": 12, "target": 13, "value": 0}, {"source": 12, "target": 15, "value": 0}, {"source": 12, "target": 21, "value": 0}, {"source": 13, "target": 14, "value": 0}, {"source": 13, "target": 16, "value": 0}, {"source": 13, "target": 22, "value": 0}, {"source": 14, "target": 17, "value": 0}, {"source": 14, "target": 23, "value": 0}, {"source": 15, "target": 16, "value": 0}, {"source": 15, "target": 24, "value": 0}, {"source": 16, "target": 17, "value": 0}, {"source": 16, "target": 25, "value": 0}, {"source": 17, "target": 26, "value": 0}, {"source": 18, "target": 19, "value": 0}, {"source": 18, "target": 21, "value": 0}, {"source": 19, "target": 20, "value": 0}, {"source": 19, "target": 22, "value": 0}, {"source": 20, "target": 23, "value": 0}, {"source": 21, "target": 22, "value": 0}, {"source": 21, "target": 24, "value": 0}, {"source": 22, "target": 23, "value": 0}, {"source": 22, "target": 25, "value": 0}, {"source": 23, "target": 26, "value": 0}, {"source": 24, "target": 25, "value": 0}, {"source": 25, "target": 26, "value": 0}]}