{"nodes": [{"node": 0, "name": "Population", "id": "any_score"}, {"node": 1, "name": "Initial Red", "id": "red_score"}, {"node": 2, "name": "Final Red", "id": "red_score"}, {"node": 3, "name": "Initial Yellow", "id": "yellow_score"}, {"node": 4, "name": "Final Yellow", "id": "yellow_score"}, {"node": 5, "name": "Initial Green", "id": "green_score"}, {"node": 6, "name": "Final Green", "id": "green_score"}, {"node": 7, "name": "S017-T0", "id": "red_score"}, {"node": 8, "name": "S018-T0", "id": "red_score"}, {"node": 9, "name": "S019-T0", "id": "red_score"}, {"node": 10, "name": "S020-T0", "id": "red_score"}, {"node": 11, "name": "S021-T0", "id": "red_score"}, {"node": 12, "name": "S022-T0", "id": "red_score"}, {"node": 13, "name": "S023-T0", "id": "red_score"}, {"node": 14, "name": "S024-T0", "id": "red_score"}, {"node": 15, "name": "S009-T0", "id": "yellow_score"}, {"node": 16, "name": "S010-T0", "id": "yellow_score"}, {"node": 17, "name": "S011-T0", "id": "yellow_score"}, {"node": 18, "name": "S012-T0", "id": "yellow_score"}, {"node": 19, "name": "S013-T0", "id": "yellow_score"}, {"node": 20, "name": "S014-T0", "id": "yellow_score"}, {"node": 21, "name": "S015-T0", "id": "yellow_score"}, {"node": 22, "name": "S016-T0", "id": "yellow_score"}, {"node": 23, "name": "S001-T0", "id": "green_score"}, {"node": 24, "name": "S002-T0", "id": "green_score"}, {"node": 25, "name": "S003-T0", "id": "green_score"}, {"node": 26, "name": "S004-T0", "id": "green_score"}, {"node": 27, "name": "S005-T0", "id": "green_score"}, {"node": 28, "name": "S006-T0", "id": "green_score"}, {"node": 29, "name": "S007-T0", "id": "green_score"}, {"node": 30, "name": "S008-T0", "id": "green_score"}, {"node": 31, "name": "S001-T1", "id": "red_score"}, {"node": 32, "name": "S004-T1", "id": "red_score"}, {"node": 33, "name": "S011-T1", "id": "red_score"}, {"node": 34, "name": "S017-T1", "id": "red_score"}, {"node": 35, "name": "S023-T1", "id": "red_score"}, {"node": 36, "name": "S024-T1", "id": "red_score"}, {"node": 37, "name": "S003-T1", "id": "yellow_score"}, {"node": 38, "name": "S006-T1", "id": "yellow_score"}, {"node": 39, "name": "S009-T1", "id": "yellow_score"}, {"node": 40, "name": "S015-T1", "id": "yellow_score"}, {"node": 41, "name": "S021-T1", "id": "yellow_score"}, {"node": 42, "name": "S022-T1", "id": "yellow_score"}, {"node": 43, "name": "S002-T1", "id": "green_score"}, {"node": 44, "name": "S005-T1", "id": "green_score"}, {"node": 45, "name": "S007-T1", "id": "green_score"}, {"node": 46, "name": "S008-T1", "id": "green_score"}, {"node": 47, "name": "S010-T1", "id": "green_score"}, {"node": 48, "name": "S012-T1", "id": "green_score"}, {"node": 49, "name": "S013-T1", "id": "green_score"}, {"node": 50, "name": "S014-T1", "id": "green_score"}, {"node": 51, "name": "S016-T1", "id": "green_score"}, {"node": 52, "name": "S018-T1", "id": "green_score"}, {"node": 53, "name": "S019-T1", "id": "green_score"}, {"node": 54, "name": "S020-T1", "id": "green_score"}, {"node": 55, "name": "S003-T2", "id": "red_score"}, {"node": 56, "name": "S010-T2", "id": "red_score"}, {"node": 57, "name": "S011-T2", "id": "red_score"}, {"node": 58, "name": "S015-T2", "id": "red_score"}, {"node": 59, "name": "S016-T2", "id": "red_score"}, {"node": 60, "name": "S021-T2", "id": "red_score"}, {"node": 61, "name": "S022-T2", "id": "red_score"}, {"node": 62, "name": "S023-T2", "id": "red_score"}, {"node": 63, "name": "S001-T2", "id": "yellow_score"}, {"node": 64, "name": "S004-T2", "id": "yellow_score"}, {"node": 65, "name": "S005-T2", "id": "yellow_score"}, {"node": 66, "name": "S006-T2", "id": "yellow_score"}, {"node": 67, "name": "S007-T2", "id": "yellow_score"}, {"node": 68, "name": "S008-T2", "id": "yellow_score"}, {"node": 69, "name": "S009-T2", "id": "yellow_score"}, {"node": 70, "name": "S012-T2", "id": "yellow_score"}, {"node": 71, "name": "S013-T2", "id": "yellow_score"}, {"node": 72, "name": "S017-T2", "id": "yellow_score"}, {"node": 73, "name": "S018-T2", "id": "yellow_score"}, {"node": 74, "name": "S020-T2", "id": "yellow_score"}, {"node": 75, "name": "S024-T2", "id": "yellow_score"}, {"node": 76, "name": "S002-T2", "id": "green_score"}, {"node": 77, "name": "S014-T2", "id": "green_score"}, {"node": 78, "name": "S019-T2", "id": "green_score"}], "links": [{"source": 0, "target": 5, "value": 0.3}, {"source": 0, "target": 3, "value": 0.3}, {"source": 0, "target": 1, "value": 0.3}, {"source": 5, "target": 23, "value": 0.08}, {"source": 23, "target": 31, "value": 0.08}, {"source": 31, "target": 63, "value": 0.08}, {"source": 63, "target": 4, "value": 0.08}, {"source": 5, "target": 24, "value": 0.08}, {"source": 24, "target": 43, "value": 0.08}, {"source": 43, "target": 76, "value": 0.08}, {"source": 76, "target": 6, "value": 0.08}, {"source": 5, "target": 25, "value": 0.08}, {"source": 25, "target": 37, "value": 0.08}, {"source": 37, "target": 55, "value": 0.08}, {"source": 55, "target": 2, "value": 0.08}, {"source": 5, "target": 26, "value": 0.08}, {"source": 26, "target": 32, "value": 0.08}, {"source": 32, "target": 64, "value": 0.08}, {"source": 64, "target": 4, "value": 0.08}, {"source": 5, "target": 27, "value": 0.08}, {"source": 27, "target": 44, "value": 0.08}, {"source": 44, "target": 65, "value": 0.08}, {"source": 65, "target": 4, "value": 0.08}, {"source": 5, "target": 28, "value": 0.08}, {"source": 28, "target": 38, "value": 0.08}, {"source": 38, "target": 66, "value": 0.08}, {"source": 66, "target": 4, "value": 0.08}, {"source": 5, "target": 29, "value": 0.08}, {"source": 29, "target": 45, "value": 0.08}, {"source": 45, "target": 67, "value": 0.08}, {"source": 67, "target": 4, "value": 0.08}, {"source": 5, "target": 30, "value": 0.08}, {"source": 30, "target": 46, "value": 0.08}, {"source": 46, "target": 68, "value": 0.08}, {"source": 68, "target": 4, "value": 0.08}, {"source": 3, "target": 15, "value": 0.08}, {"source": 15, "target": 39, "value": 0.08}, {"source": 39, "target": 69, "value": 0.08}, {"source": 69, "target": 4, "value": 0.08}, {"source": 3, "target": 16, "value": 0.08}, {"source": 16, "target": 47, "value": 0.08}, {"source": 47, "target": 56, "value": 0.08}, {"source": 56, "target": 2, "value": 0.08}, {"source": 3, "target": 17, "value": 0.08}, {"source": 17, "target": 33, "value": 0.08}, {"source": 33, "target": 57, "value": 0.08}, {"source": 57, "target": 2, "value": 0.08}, {"source": 3, "target": 18, "value": 0.08}, {"source": 18, "target": 48, "value": 0.08}, {"source": 48, "target": 70, "value": 0.08}, {"source": 70, "target": 4, "value": 0.08}, {"source": 3, "target": 19, "value": 0.08}, {"source": 19, "target": 49, "value": 0.08}, {"source": 49, "target": 71, "value": 0.08}, {"source": 71, "target": 4, "value": 0.08}, {"source": 3, "target": 20, "value": 0.08}, {"source": 20, "target": 50, "value": 0.08}, {"source": 50, "target": 77, "value": 0.08}, {"source": 77, "target": 6, "value": 0.08}, {"source": 3, "target": 21, "value": 0.08}, {"source": 21, "target": 40, "value": 0.08}, {"source": 40, "target": 58, "value": 0.08}, {"source": 58, "target": 2, "value": 0.08}, {"source": 3, "target": 22, "value": 0.08}, {"source": 22, "target": 51, "value": 0.08}, {"source": 51, "target": 59, "value": 0.08}, {"source": 59, "target": 2, "value": 0.08}, {"source": 1, "target": 7, "value": 0.08}, {"source": 7, "target": 34, "value": 0.08}, {"source": 34, "target": 72, "value": 0.08}, {"source": 72, "target": 4, "value": 0.08}, {"source": 1, "target": 8, "value": 0.08}, {"source": 8, "target": 52, "value": 0.08}, {"source": 52, "target": 73, "value": 0.08}, {"source": 73, "target": 4, "value": 0.08}, {"source": 1, "target": 9, "value": 0.08}, {"source": 9, "target": 53, "value": 0.08}, {"source": 53, "target": 78, "value": 0.08}, {"source": 78, "target": 6, "value": 0.08}, {"source": 1, "target": 10, "value": 0.08}, {"source": 10, "target": 54, "value": 0.08}, {"source": 54, "target": 74, "value": 0.08}, {"source": 74, "target": 4, "value": 0.08}, {"source": 1, "target": 11, "value": 0.08}, {"source": 11, "target": 41, "value": 0.08}, {"source": 41, "target": 60, "value": 0.08}, {"source": 60, "target": 2, "value": 0.08}, {"source": 1, "target": 12, "value": 0.08}, {"source": 12, "target": 42, "value": 0.08}, {"source": 42, "target": 61, "value": 0.08}, {"source": 61, "target": 2, "value": 0.08}, {"source": 1, "target": 13, "value": 0.08}, {"source": 13, "target": 35, "value": 0.08}, {"source": 35, "target": 62, "value": 0.08}, {"source": 62, "target": 2, "value": 0.08}, {"source": 1, "target": 14, "value": 0.08}, {"source": 14, "target": 36, "value": 0.08}, {"source": 36, "target": 75, "value": 0.08}, {"source": 75, "target": 4, "value": 0.08}]}