"ID","School","BA","DLS","Ethnic","FS","Gender","LC","comb_name","row_name"
1,"9-4",0,0,1,0,0,0,0,1
2,"9-4",2,0,1,0,0,0,54,2
3,"9-4",0,0,1,0,1,0,0,3
4,"9-4",0,0,1,0,0,0,0,4
5,"9-4",0,0,1,0,0,0,0,5
6,"9-4",2,2,1,2,1,0,78,6
7,"9-4",2,1,0,0,1,0,63,7
8,"9-4",2,1,1,0,1,1,64,8
10,"9-4",2,1,1,0,0,1,64,9
11,"9.5-5",0,0,1,0,0,0,0,10
12,"9.5-5",0,0,1,0,0,0,0,11
13,"9.5-5",0,0,1,0,1,0,0,12
14,"9.5-5",1,1,1,2,1,2,44,13
15,"9.5-5",0,0,1,0,1,0,0,14
16,"9.5-5",1,1,1,2,1,2,44,15
17,"9.5-5",0,0,1,0,0,0,0,16
18,"9.5-5",0,0,1,0,1,0,0,17
19,"9.5-5",0,0,1,0,0,0,0,18
20,"9.5-5",0,0,1,0,0,0,0,19
21,"9.5-5",0,0,1,0,0,0,0,20
22,"12-7",0,0,1,0,1,0,0,21
23,"12-7",0,0,1,1,0,0,3,22
24,"12-7",0,0,1,0,1,0,0,23
25,"12-7",0,0,1,0,1,0,0,24
26,"12-7",0,1,1,1,1,2,14,25
27,"12-7",1,2,1,0,0,1,46,26
28,"12-7",0,0,1,1,0,0,3,27
29,"12-7",2,1,1,2,1,1,70,28
30,"12-7",0,1,1,0,0,0,9,29
31,"12-7",0,0,1,0,0,0,0,30
32,"12-7",0,0,1,1,1,0,3,31
33,"12-7",1,1,1,0,0,0,36,32
34,"12-7",1,2,1,2,0,2,53,33
35,"12-7",1,1,1,1,0,2,41,34
37,"12-7",2,1,1,1,1,0,66,35
38,"12-7",0,1,1,1,1,1,13,36
39,"12-7",0,0,1,0,1,0,0,37
40,"12-7",0,0,1,0,0,0,0,38
41,"12-7",2,2,1,1,1,1,76,39
42,"12-7",1,1,1,0,0,1,37,40
43,"12-7",0,0,1,0,0,0,0,41
44,"12-7",0,1,1,0,1,0,9,42
45,"12-7",0,0,1,0,1,0,0,43
46,"12-7",0,0,1,1,0,0,3,44
47,"12-7",2,2,1,2,1,2,80,45
48,"12-7",0,0,1,0,0,0,0,46
49,"12-7",0,0,1,0,0,0,0,47
50,"19-9",0,0,1,1,0,0,3,48
51,"19-9",1,0,1,1,0,0,30,49
52,"19-9",1,1,1,2,0,0,42,50
53,"19-9",1,0,1,1,0,1,31,51
54,"19-9",0,0,0,0,0,0,0,52
55,"19-9",1,1,1,1,0,0,39,53
56,"19-9",0,0,1,1,0,0,3,54
57,"19-9",0,0,1,1,0,0,3,55
59,"19-9",0,0,1,1,0,0,3,56
60,"19-9",1,1,1,0,0,1,37,57
61,"19-9",0,0,1,1,0,0,3,58
62,"19-9",0,0,1,0,0,1,1,59
64,"19-9",0,1,1,0,0,0,9,60
65,"19-9",1,1,1,0,1,0,36,61
66,"19-9",0,0,1,0,1,0,0,62
67,"19-9",2,2,1,2,1,1,79,63
68,"19-9",0,0,1,0,1,0,0,64
69,"19-9",0,1,1,1,1,0,12,65
70,"19-9",1,1,1,1,1,0,39,66
71,"19-9",1,0,0,1,1,0,30,67
73,"22-11",0,0,1,1,1,0,3,68
74,"22-11",2,1,1,0,1,0,63,69
75,"22-11",0,0,1,0,1,0,0,70
76,"22-11",0,0,1,0,1,1,1,71
77,"22-11",0,0,1,1,1,1,4,72
78,"22-11",1,0,1,0,1,1,28,73
79,"22-11",1,1,1,1,0,2,41,74
81,"22-11",2,0,1,1,1,1,58,75
82,"22-11",1,0,1,2,0,1,34,76
83,"22-11",0,0,0,1,1,0,3,77
84,"22-11",0,0,1,0,0,0,0,78
85,"22-11",1,0,1,0,1,2,29,79
86,"22.5-12",2,2,1,1,1,2,77,80
87,"22.5-12",2,2,1,1,0,2,77,81
88,"22.5-12",2,0,1,1,1,1,58,82
89,"22.5-12",1,1,1,1,1,2,41,83
91,"22.5-12",0,0,1,0,1,2,2,84
92,"22.5-12",0,1,1,2,0,1,16,85
93,"22.5-12",0,1,1,1,0,1,13,86
94,"22.5-12",1,2,1,1,1,2,50,87
95,"22.5-12",0,1,1,1,0,2,14,88
96,"22.5-12",0,1,1,0,1,1,10,89
97,"22.5-12",2,2,1,2,1,2,80,90
98,"22.5-12",2,1,1,0,0,0,63,91
99,"22.5-12",2,2,1,2,1,2,80,92
100,"333-59",0,1,1,1,1,0,12,93
101,"333-59",1,2,1,1,1,2,50,94
102,"333-59",0,0,1,1,0,1,4,95
103,"333-59",0,1,1,2,0,2,17,96
104,"333-59",0,1,1,2,1,2,17,97
105,"333-59",0,1,1,1,0,2,14,98
106,"333-59",1,1,0,1,1,0,39,99
107,"333-59",1,1,1,1,1,0,39,100
108,"333-59",0,2,1,2,1,2,26,101
109,"333-59",0,1,1,2,0,2,17,102
110,"333-59",0,0,1,0,1,0,0,103
111,"333-59",0,1,1,1,1,2,14,104
112,"333-59",1,1,1,1,0,2,41,105
113,"530-62",0,0,1,0,1,0,0,106
114,"530-62",0,0,1,0,0,0,0,107
115,"530-62",0,0,1,0,0,0,0,108
116,"530-62",1,1,1,1,1,0,39,109
117,"530-62",0,0,1,0,0,0,0,110
118,"530-62",0,0,1,0,1,0,0,111
119,"530-62",0,0,1,0,1,0,0,112
120,"530-62",0,0,1,0,0,0,0,113
121,"530-62",0,0,1,1,1,0,3,114
122,"530-62",0,0,1,1,1,1,4,115
123,"530-62",0,0,1,0,1,0,0,116
125,"530-62",0,0,1,1,1,0,3,117
126,"530-62",0,0,1,1,1,0,3,118
127,"53.5-28",0,0,1,0,1,0,0,119
128,"53.5-28",1,1,1,1,0,1,40,120
129,"53.5-28",0,0,1,0,0,0,0,121
130,"53.5-28",0,0,1,0,0,0,0,122
131,"53.5-28",0,0,1,0,1,1,1,123
132,"53.5-28",0,0,1,0,0,0,0,124
133,"53.5-28",0,0,1,0,0,0,0,125
134,"53.5-28",0,0,1,0,0,0,0,126
135,"53.5-28",0,0,1,0,0,0,0,127
136,"53.5-28",1,1,1,0,0,0,36,128
137,"53.5-28",1,1,1,0,1,0,36,129
138,"53.5-28",2,1,1,0,1,1,64,130
139,"53.5-28",2,1,1,0,0,1,64,131
140,"53.5-28",1,1,1,0,1,0,36,132
141,"53.5-28",0,1,1,0,1,2,11,133
142,"59-31",1,1,1,0,0,1,37,134
143,"59-31",0,0,1,0,0,0,0,135
144,"59-31",1,1,1,1,1,1,40,136
145,"59-31",0,1,1,1,0,1,13,137
146,"59-31",1,1,1,1,1,2,41,138
147,"59-31",1,0,1,0,1,0,27,139
148,"59-31",1,1,1,0,1,1,37,140
149,"59-31",1,1,1,1,0,1,40,141
150,"59-31",2,1,1,0,1,1,64,142
151,"59-31",0,0,1,1,0,0,3,143
152,"59-31",1,0,1,0,1,1,28,144
153,"59-31",0,1,0,1,1,0,12,145
156,"60-32",0,2,1,1,1,0,21,146
157,"60-32",0,1,1,0,0,0,9,147
158,"60-32",2,2,1,2,0,2,80,148
159,"60-32",0,0,1,1,0,0,3,149
160,"60-32",2,2,1,1,1,2,77,150
161,"60-32",0,1,1,0,1,0,9,151
162,"60-32",1,2,1,1,1,2,50,152
163,"60-32",1,2,1,1,0,1,49,153
165,"60-32",0,1,1,2,0,0,15,154
166,"60-32",0,2,1,1,1,0,21,155
167,"60-32",0,0,1,0,0,0,0,156
168,"60-32",0,0,1,0,0,0,0,157
169,"60-32",0,0,1,1,0,0,3,158
170,"60-32",2,2,1,0,1,2,74,159
171,"60-32",1,2,1,0,1,0,45,160
172,"60-32",1,1,1,1,1,0,39,161
173,"60-32",0,0,0,0,0,0,0,162
175,"60-32",2,1,1,2,0,1,70,163
177,"60-32",2,2,1,1,1,1,76,164
178,"60-32",0,0,1,0,0,0,0,165
179,"60-32",0,0,1,0,0,0,0,166
180,"60-32",1,1,1,0,1,0,36,167
181,"60-32",0,1,1,0,0,0,9,168
182,"60-32",1,2,1,0,0,2,47,169
184,"68.5-35",0,0,1,1,0,0,3,170
185,"68.5-35",1,1,1,1,0,0,39,171
186,"68.5-35",0,1,1,1,1,1,13,172
187,"68.5-35",0,0,1,1,0,0,3,173
188,"68.5-35",0,1,0,2,0,1,16,174
189,"68.5-35",0,0,1,0,0,0,0,175
190,"68.5-35",1,2,1,2,0,1,52,176
191,"68.5-35",0,0,1,0,1,0,0,177
192,"68.5-35",1,2,1,1,1,2,50,178
193,"68.5-35",0,1,1,0,1,0,9,179
194,"68.5-35",1,1,1,2,1,0,42,180
195,"68.5-35",1,2,1,1,0,2,50,181
196,"68.75-35",1,0,1,0,1,0,27,182
197,"68.75-35",1,1,1,1,1,1,40,183
198,"68.75-35",2,1,1,0,0,0,63,184
199,"68.75-35",1,1,1,1,0,0,39,185
200,"68.75-35",1,0,0,1,1,1,31,186
202,"68.75-35",1,0,1,1,1,1,31,187
203,"68.75-35",1,0,1,1,1,1,31,188
204,"68.75-35",1,1,1,0,0,0,36,189
205,"68.75-35",1,2,1,1,1,2,50,190
206,"68.75-35",0,1,1,1,1,0,12,191
207,"69-35",2,2,1,1,1,0,75,192
209,"69-35",2,1,1,1,0,0,66,193
210,"69-35",2,2,1,2,1,2,80,194
211,"69-35",1,0,1,1,0,0,30,195
212,"69-35",1,2,1,1,1,1,49,196
214,"69-35",2,1,1,2,0,0,69,197
215,"69-35",2,1,1,1,0,1,67,198
216,"69-35",0,0,1,1,1,0,3,199
217,"69-35",2,1,1,2,0,1,70,200
218,"69-35",0,0,1,1,0,0,3,201
219,"69-35",0,0,1,1,0,0,3,202
220,"69-35",2,2,1,1,1,1,76,203
221,"69-35",0,0,0,1,1,0,3,204
222,"69-35",1,2,1,1,1,0,48,205
223,"69-35",0,0,1,0,1,0,0,206
224,"69-35",2,2,1,2,1,2,80,207
225,"69-35",0,0,1,2,0,0,6,208
226,"69-35",2,2,1,1,1,2,77,209
227,"69-35",2,2,1,2,1,0,78,210
229,"69-35",1,1,0,0,1,0,36,211
301,"3-1",2,1,0,1,1,1,67,212
302,"3-1",2,0,1,0,0,0,54,213
303,"3-1",0,2,1,2,0,1,25,214
305,"3-1",2,0,0,1,0,0,57,215
306,"3-1",1,1,1,2,0,1,43,216
307,"3-1",2,1,1,1,0,1,67,217
308,"3-1",2,1,1,1,1,1,67,218
309,"3-1",1,1,1,1,1,0,39,219
310,"3-1",2,2,1,1,1,1,76,220
311,"3-1",2,1,1,1,1,2,68,221
312,"3-1",0,0,1,0,0,0,0,222
313,"3-1",1,0,1,1,1,2,32,223
314,"3-1",2,2,1,1,0,2,77,224
315,"3-1",2,2,1,2,1,2,80,225
316,"3-1",1,1,1,0,1,2,38,226
317,"3-1",2,2,1,1,1,2,77,227
318,"3-1",1,2,1,0,1,1,46,228
319,"3-1",0,1,1,1,1,2,14,229
320,"3-1",0,0,1,1,1,0,3,230
321,"3-1",1,2,1,2,1,1,52,231
322,"3-1",0,0,1,0,0,1,1,232
323,"3-1",0,0,1,1,0,0,3,233
324,"3-1",1,0,1,1,0,1,31,234
326,"3-1",2,2,1,2,1,2,80,235
327,"3-1",1,0,1,0,0,1,28,236
328,"3-1",1,2,1,2,1,2,53,237
329,"3-1",1,2,1,2,1,2,53,238
331,"3-1",1,2,1,1,1,2,50,239
332,"3-1",2,2,1,1,1,2,77,240
333,"3-1",0,0,1,0,0,1,1,241
334,"3-1",1,0,0,0,0,1,28,242
335,"3-1",2,2,1,1,1,2,77,243
336,"3-1",0,1,1,0,0,1,10,244
337,"3-1",1,0,1,0,1,1,28,245
338,"3-1",0,0,1,0,0,2,2,246
339,"3-1",0,0,1,0,0,2,2,247
340,"3-1",2,2,1,1,1,2,77,248
341,"78-39",1,1,1,0,1,0,36,249
342,"78-39",2,2,1,1,1,2,77,250
343,"78-39",0,0,1,0,1,0,0,251
344,"78-39",1,2,0,2,1,1,52,252
345,"78-39",1,2,1,1,1,2,50,253
346,"78-39",1,0,1,0,1,0,27,254
348,"78-39",0,0,1,1,1,0,3,255
349,"78-39",1,1,1,1,1,0,39,256
350,"78-39",0,0,1,1,0,0,3,257
351,"78.5-39",0,0,1,1,0,0,3,258
352,"78.5-39",0,1,0,1,0,0,12,259
353,"78.5-39",1,1,1,2,0,1,43,260
354,"78.5-39",0,0,1,0,0,1,1,261
356,"78.5-39",1,1,1,1,0,1,40,262
358,"78.5-39",1,1,1,2,0,1,43,263
359,"78.5-39",0,0,1,0,0,1,1,264
360,"78.5-39",0,0,1,0,0,0,0,265
361,"78.5-39",2,0,1,0,0,0,54,266
362,"78.5-39",0,0,1,0,0,0,0,267
363,"78.5-39",0,0,0,1,1,1,4,268
364,"78.5-39",0,0,1,0,1,1,1,269
365,"78.5-39",0,1,1,0,0,1,10,270
366,"78.5-39",0,1,1,1,0,1,13,271
367,"78.5-39",0,0,1,0,0,0,0,272
368,"78.5-39",1,1,1,2,0,1,43,273
369,"78.5-39",0,0,1,1,0,1,4,274
370,"78.5-39",0,0,1,0,0,0,0,275
371,"78.5-39",0,0,1,0,1,0,0,276
372,"79-39",0,0,1,0,0,0,0,277
373,"79-39",2,1,1,1,0,1,67,278
374,"79-39",0,0,1,0,0,0,0,279
375,"79-39",1,0,1,2,1,0,33,280
376,"79-39",0,1,1,2,1,0,15,281
377,"79-39",0,0,1,0,1,1,1,282
378,"79-39",1,1,1,2,0,2,44,283
379,"79-39",1,1,1,2,1,1,43,284
380,"79-39",2,1,1,1,1,2,68,285
381,"79-39",2,0,1,1,1,0,57,286
382,"79-39",0,0,1,0,0,0,0,287
383,"79-39",1,1,1,0,1,1,37,288
384,"79-39",0,0,1,0,0,0,0,289
385,"79-39",0,0,1,0,0,1,1,290
386,"79-39",0,0,1,0,0,0,0,291
387,"79-39",0,0,1,0,0,0,0,292
388,"79-39",1,1,1,1,1,2,41,293
389,"79-39",0,0,1,1,0,0,3,294
391,"79-39",0,0,1,0,0,0,0,295
392,"79-39",1,2,1,0,0,1,46,296
393,"79-39",0,0,1,0,0,0,0,297
394,"79-39",2,1,0,0,1,1,64,298
395,"79-39",1,0,1,1,1,0,30,299
396,"79-39",2,2,1,0,0,1,73,300
397,"79-39",1,2,1,0,1,1,46,301
398,"79-39",1,0,1,0,0,0,27,302
399,"79-39",0,0,0,1,1,0,3,303
400,"820-64",1,2,0,2,1,1,52,304
401,"820-64",0,0,0,1,1,0,3,305
402,"820-64",1,1,1,0,0,1,37,306
403,"820-64",0,0,1,0,0,0,0,307
404,"820-64",0,0,1,1,1,0,3,308
405,"820-64",0,0,0,0,0,0,0,309
406,"820-64",2,2,1,2,1,1,79,310
407,"820-64",0,0,1,0,0,0,0,311
408,"820-64",1,1,1,0,1,0,36,312
409,"820-64",1,1,0,2,1,1,43,313
411,"820-64",1,0,1,1,0,0,30,314
412,"820-64",0,0,1,0,0,0,0,315
413,"820-64",1,1,0,1,0,1,40,316
414,"820-64",0,0,1,0,1,0,0,317
415,"820-64",1,0,1,1,0,1,31,318
416,"820-64",0,0,1,1,0,0,3,319
417,"820-64",1,1,1,1,1,0,39,320
419,"820-64",0,0,1,0,0,0,0,321
420,"820-64",0,0,1,1,0,0,3,322
421,"820-64",0,0,1,1,0,1,4,323
423,"820-644",1,2,1,1,1,1,49,324
425,"820-64",0,0,1,1,1,0,3,325
428,"820-64",0,1,0,0,0,0,9,326
432,"84-45",2,1,0,1,1,1,67,327
433,"84-45",2,2,1,2,1,2,80,328
434,"84-45",0,1,1,0,0,1,10,329
435,"84-45",0,0,1,0,0,1,1,330
436,"84-45",2,0,1,2,0,0,60,331
437,"84-45",2,0,1,1,1,1,58,332
438,"84-45",0,0,1,0,0,0,0,333
440,"84-45",2,0,1,0,1,1,55,334
441,"84-45",0,0,1,0,1,1,1,335
442,"84-45",2,1,1,1,1,0,66,336
443,"84-45",0,0,1,0,0,1,1,337
444,"84-45",0,1,1,1,0,1,13,338
445,"84-45",1,0,1,1,1,2,32,339
446,"84-45",0,0,1,0,0,0,0,340
447,"84-45",0,0,1,2,0,0,6,341
448,"84-45",0,1,1,1,1,1,13,342
449,"84-45",0,0,1,0,0,0,0,343
450,"84-45",0,0,1,0,0,0,0,344
451,"84-45",2,2,1,0,1,1,73,345
452,"84-45",1,0,0,0,0,0,27,346
453,"84-45",0,0,1,0,0,0,0,347
454,"84-45",1,1,1,1,0,0,39,348
455,"84-45",0,2,1,1,1,2,23,349
456,"84-45",0,0,1,1,0,0,3,350
457,"84-45",0,0,1,0,0,0,0,351
458,"84-45",1,0,1,1,0,0,30,352
459,"84-45",1,0,1,0,0,0,27,353
460,"84-45",0,0,1,0,0,0,0,354
461,"84-45",0,1,1,1,0,1,13,355
462,"87-46",1,0,0,0,0,0,27,356
463,"87-46",1,2,1,1,1,1,49,357
464,"87-46",1,0,1,0,0,0,27,358
465,"87-46",2,1,1,1,0,0,66,359
466,"87-46",1,1,1,0,1,1,37,360
467,"87-46",0,0,1,0,1,0,0,361
468,"87-46",2,2,1,2,0,0,78,362
470,"87-46",0,0,1,0,0,0,0,363
471,"87-46",2,1,1,0,0,0,63,364
472,"87-46",2,1,1,1,0,2,68,365
474,"87-46",2,1,1,1,1,1,67,366
475,"87-46",1,1,1,1,1,0,39,367
477,"95-52",0,0,1,1,0,0,3,368
478,"95-52",2,0,1,2,1,0,60,369
479,"95-52",1,2,1,2,1,1,52,370
480,"95-52",0,0,1,1,0,0,3,371
481,"95-52",0,0,1,0,0,0,0,372
482,"95-52",2,2,1,1,1,2,77,373
484,"95-52",0,0,1,0,1,0,0,374
486,"95-52",0,1,1,1,0,2,14,375
487,"95-52",1,0,1,1,1,0,30,376
488,"95-52",0,2,1,0,0,1,19,377
489,"95-52",0,0,1,0,0,0,0,378
490,"95-52",2,2,1,1,1,2,77,379
491,"95-52",0,1,1,0,0,0,9,380
492,"95-52",1,2,1,0,1,2,47,381
493,"95-52",1,1,1,0,1,0,36,382
494,"95-52",1,2,1,0,1,2,47,383
495,"95-52",0,0,1,0,0,0,0,384
497,"960-76",0,0,1,1,1,0,3,385
498,"960-76",0,0,1,0,1,1,1,386
499,"960-76",0,1,1,0,1,0,9,387
500,"960-76",0,0,1,0,0,1,1,388
501,"960-76",0,0,1,0,1,0,0,389
502,"960-76",0,0,1,0,0,0,0,390
503,"960-76",2,1,1,1,1,0,66,391
504,"960-76",1,0,1,1,0,0,30,392
505,"960-76",1,1,1,0,0,1,37,393
506,"960-76",0,0,1,0,0,0,0,394
507,"960-76",0,0,1,0,0,0,0,395
510,"960-76",0,0,1,0,1,0,0,396
511,"960-76",1,0,1,0,1,1,28,397
512,"960-76",1,0,1,0,1,0,27,398
514,"960-76",0,0,1,0,1,0,0,399
515,"960-76",0,0,1,1,0,0,3,400
516,"960-76",2,0,1,1,1,1,58,401
517,"960-76",0,0,1,0,0,0,0,402
518,"960-76",0,0,1,0,1,0,0,403
519,"960-76",2,1,1,0,0,0,63,404
520,"960-76",0,0,1,0,0,0,0,405
521,"960-76",1,0,1,0,1,0,27,406
522,"960-76",0,0,1,0,0,0,0,407
523,"960-76",0,1,1,0,1,1,10,408
525,"960-76",1,1,1,0,1,0,36,409
526,"960-76",1,0,1,0,1,1,28,410
527,"960-76",0,0,1,0,0,0,0,411
528,"960-76",0,0,1,0,1,0,0,412
529,"960-76",0,0,1,0,0,0,0,413
530,"960-76",1,0,1,0,1,0,27,414
531,"960-76",0,0,1,1,0,0,3,415
532,"960-76",0,0,1,1,0,0,3,416
533,"960-76",1,1,1,1,0,0,39,417
534,"960-76",2,1,1,1,1,0,66,418
535,"960-76",1,1,1,1,1,0,39,419
540,"960-76",0,1,1,1,1,0,12,420
541,"960-76",0,0,0,0,0,0,0,421
542,"960-76",1,1,0,0,1,0,36,422
543,"960-76",0,0,0,0,1,0,0,423
544,"91.5-51",1,1,1,1,0,1,40,424
545,"91.5-51",1,1,1,1,1,1,40,425
546,"91.5-51",0,0,1,0,0,0,0,426
547,"91.5-51",1,1,1,1,1,2,41,427
548,"91.5-51",2,1,1,2,1,2,71,428
549,"91.5-51",1,1,1,0,0,0,36,429
550,"91.5-51",1,2,1,1,1,0,48,430
551,"91.5-51",0,0,1,1,0,0,3,431
552,"91.5-51",1,1,1,1,1,0,39,432
553,"91.5-51",2,1,1,1,0,0,66,433
554,"91.5-51",0,0,1,0,1,0,0,434
555,"91.5-51",0,0,1,0,0,0,0,435
556,"91.5-51",0,0,1,0,0,0,0,436
557,"91.5-51",0,0,1,0,0,1,1,437
558,"91.5-51",0,0,1,0,1,0,0,438
559,"91.5-51",0,0,1,0,0,0,0,439
560,"91.5-51",0,0,1,0,0,0,0,440
561,"91.5-51",2,2,1,2,1,2,80,441
562,"91-50",0,0,1,0,1,0,0,442
564,"91-50",0,0,1,0,1,0,0,443
565,"91-50",0,0,1,1,0,0,3,444
566,"91-50",0,0,1,1,0,0,3,445
568,"91-50",1,0,1,1,0,0,30,446
569,"91-50",0,1,1,0,1,0,9,447
570,"91-50",1,0,1,0,1,1,28,448
571,"91-50",0,1,1,0,0,0,9,449
572,"91-50",0,1,1,0,1,0,9,450
573,"91-50",0,0,1,0,1,0,0,451
574,"91-50",0,0,1,1,0,0,3,452
575,"91-50",0,0,1,0,0,0,0,453
576,"91-50",2,1,1,0,1,1,64,454
577,"91-50",1,0,1,0,1,0,27,455
588,"91-50",0,0,1,0,0,1,1,456
589,"91-50",2,1,0,2,1,2,71,457
590,"88.5-48",1,0,1,0,0,0,27,458
591,"88.5-48",1,1,1,0,1,0,36,459
592,"88.5-48",1,1,1,1,0,0,39,460
593,"88.5-48",0,0,1,0,0,0,0,461
594,"88.5-48",1,1,1,1,1,1,40,462
596,"88.5-48",0,0,1,0,0,0,0,463
597,"88.5-48",0,0,1,0,0,0,0,464
598,"88.5-48",0,0,1,0,0,0,0,465
599,"88.5-48",1,1,0,1,1,0,39,466
600,"88.5-48",0,0,1,0,1,0,0,467
602,"88.5-48",1,1,1,2,1,0,42,468
603,"88.5-48",0,0,1,0,0,0,0,469
605,"960-77",1,2,1,1,0,1,49,470
607,"960-77",0,0,1,0,0,1,1,471
610,"960-77",0,1,1,0,0,0,9,472
611,"960-77",1,1,0,1,0,1,40,473
612,"960-77",1,1,1,0,0,0,36,474
614,"960-77",0,0,0,0,1,0,0,475
615,"960-77",0,0,1,0,1,0,0,476
617,"960-77",2,1,1,1,0,0,66,477
618,"960-77",1,1,1,2,0,1,43,478
619,"960-77",0,0,1,0,1,1,1,479
620,"960-77",0,0,1,0,0,0,0,480
621,"960-77",2,1,1,0,0,0,63,481
622,"960-77",1,0,1,0,0,0,27,482
623,"960-77",0,1,1,1,1,2,14,483
625,"960-77",0,1,1,1,0,0,12,484
626,"960-77",2,1,1,1,1,0,66,485
628,"960-77",0,0,1,1,0,0,3,486
629,"960-77",1,2,1,0,0,0,45,487
630,"960-77",0,0,0,0,1,1,1,488
631,"960-77",2,1,1,1,1,0,66,489
632,"960-77",0,1,1,0,1,0,9,490
633,"960-77",0,0,1,1,1,0,3,491
634,"960-77",0,0,1,0,1,0,0,492
635,"960-77",0,0,1,0,0,0,0,493
636,"960-77",0,1,1,0,0,0,9,494
637,"960-77",1,2,1,0,0,0,45,495
638,"960-77",0,0,1,0,0,1,1,496
639,"960-77",0,0,1,0,0,0,0,497
641,"960-77",1,0,1,0,0,0,27,498
642,"960-77",0,0,1,1,1,1,4,499
643,"41-20",0,0,1,0,0,0,0,500
644,"41-20",0,1,1,2,0,2,17,501
645,"41-20",0,0,1,1,1,0,3,502
646,"41-20",0,0,1,2,0,1,7,503
648,"41-20",0,1,1,0,1,1,10,504
649,"41-20",0,0,1,2,1,0,6,505
650,"41-20",1,1,1,2,1,1,43,506
651,"41-20",1,1,1,0,1,1,37,507
652,"41-20",0,0,1,0,0,0,0,508
653,"41-20",0,1,1,1,1,2,14,509
654,"41-20",0,0,1,0,0,0,0,510
656,"41-20",1,0,1,2,1,0,33,511
657,"41-20",1,0,1,0,0,0,27,512
658,"41-20",1,0,1,2,0,0,33,513
659,"570-636",2,1,1,2,0,1,70,514
660,"570-63",2,2,1,2,1,1,79,515
661,"570-63",2,2,1,1,1,1,76,516
662,"570-63",1,1,1,0,1,1,37,517
663,"570-63",1,1,1,0,0,1,37,518
664,"570-63",2,1,1,0,1,0,63,519
665,"570-63",2,2,1,0,1,2,74,520
666,"570-63",0,0,1,0,0,0,0,521
667,"570-63",0,1,1,1,1,1,13,522
668,"570-63",0,2,1,0,1,1,19,523
669,"570-63",2,2,1,1,1,1,76,524
670,"570-63",1,1,1,0,1,1,37,525
671,"570-63",2,1,1,0,1,1,64,526
672,"570-63",1,1,1,0,1,1,37,527
673,"570-63",2,2,1,1,1,2,77,528
674,"570-63",2,2,1,1,0,1,76,529
675,"570-63",2,1,1,2,1,2,71,530
676,"570-63",2,1,1,1,0,1,67,531
677,"570-63",2,2,1,2,1,1,79,532
678,"570-63",0,0,1,0,0,0,0,533
679,"570-63",2,1,1,1,0,1,67,534
680,"570-63",1,1,1,2,1,2,44,535
681,"570-63",1,2,1,2,0,2,53,536
682,"570-63",2,2,1,1,1,2,77,537
683,"570-63",0,1,1,1,1,1,13,538
684,"570-63",0,1,0,0,1,0,9,539
685,"570-63",0,0,1,0,0,0,0,540
686,"570-63",0,1,1,0,1,0,9,541
687,"570-63",1,1,1,0,0,0,36,542
688,"570-63",0,1,1,0,1,0,9,543
689,"570-63",0,1,1,0,1,0,9,544
690,"570-63",0,1,1,0,1,0,9,545
691,"570-63",0,1,1,0,1,0,9,546
692,"570-63",0,1,1,0,1,0,9,547
693,"570-63",1,1,1,0,1,0,36,548
694,"570-63",0,1,0,0,1,0,9,549
695,"570-63",0,1,1,0,0,0,9,550
696,"570-63",1,0,1,0,1,0,27,551
697,"450-60",1,1,1,2,0,1,43,552
698,"450-60",0,0,1,0,0,0,0,553
699,"450-60",0,0,1,0,0,0,0,554
700,"450-60",0,0,1,0,0,0,0,555
702,"450-60",0,0,1,1,0,0,3,556
703,"450-60",0,0,1,0,0,0,0,557
704,"450-60",0,1,1,0,1,1,10,558
705,"450-60",0,0,1,1,0,0,3,559
706,"450-60",1,0,1,0,0,1,28,560
707,"450-60",1,1,1,0,1,0,36,561
708,"450-60",1,1,1,2,1,2,44,562
709,"450-60",1,1,1,1,1,1,40,563
711,"450-60",0,1,1,1,1,2,14,564
712,"333-59",2,2,1,0,0,0,72,565
713,"333-59",0,1,1,0,0,0,9,566
714,"333-59",0,0,1,0,1,0,0,567
715,"333-59",0,0,1,0,1,0,0,568
716,"333-59",0,0,1,0,1,0,0,569
717,"333-59",2,2,1,0,1,2,74,570
718,"333-59",0,1,1,0,0,1,10,571
719,"333-59",2,2,1,0,1,1,73,572
720,"333-59",1,1,1,0,0,0,36,573
721,"333-59",2,1,1,0,0,1,64,574
722,"333-59",2,2,1,2,0,1,79,575
723,"333-59",1,0,1,2,1,0,33,576
724,"333-59",2,2,1,1,0,2,77,577
725,"333-59",0,0,1,2,1,0,6,578
726,"333-59",0,0,1,0,0,0,0,579
727,"333-59",2,2,1,2,1,2,80,580
728,"43.5-21",2,2,1,1,1,2,77,581
729,"43.5-21",0,0,1,0,1,1,1,582
730,"43.5-21",0,0,1,1,1,0,3,583
731,"43.5-21",2,2,1,0,1,2,74,584
732,"43.5-21",1,0,1,1,0,2,32,585
734,"43.5-21",0,0,1,0,0,2,2,586
735,"43.5-21",0,1,1,0,0,0,9,587
736,"43.5-21",1,1,1,1,1,1,40,588
737,"43.5-21",2,2,1,1,1,2,77,589
738,"43.5-21",1,1,1,2,1,2,44,590
739,"43.5-21",1,2,1,1,0,2,50,591
740,"43.5-21",1,0,1,0,1,1,28,592
741,"43.5-21",0,0,1,1,0,0,3,593
742,"43.5-21",0,0,1,0,0,1,1,594
743,"43.5-21",2,2,1,0,1,2,74,595
744,"43.75-21",0,1,1,1,1,0,12,596
745,"43.75-21",0,1,1,0,0,0,9,597
747,"43.75-21",0,0,1,0,1,0,0,598
748,"43.75-21",2,1,1,0,1,0,63,599
749,"43.75-21",0,0,1,0,1,0,0,600
750,"43.75-21",0,0,0,0,1,0,0,601
751,"43.75-21",0,0,1,0,0,0,0,602
752,"43.75-21",0,0,1,0,1,0,0,603
753,"43.75-21",0,0,1,0,0,0,0,604
754,"43.75-21",0,0,1,0,0,0,0,605
755,"43.75-21",1,1,1,0,0,0,36,606
756,"43.75-21",0,0,1,0,0,0,0,607
757,"43.75-21",1,1,1,0,0,1,37,608
758,"43.75-21",0,1,1,0,0,0,9,609
759,"820-65",0,0,1,0,1,0,0,610
761,"820-65",0,2,1,1,0,1,22,611
762,"820-65",0,0,1,0,1,0,0,612
763,"820-65",1,0,1,0,1,0,27,613
764,"820-65",0,0,1,0,1,0,0,614
765,"820-65",0,0,1,0,1,0,0,615
766,"820-65",1,2,1,0,1,0,45,616
767,"820-65",0,0,1,0,0,0,0,617
768,"820-65",0,0,1,0,0,0,0,618
769,"820-65",0,0,1,0,0,1,1,619
770,"820-65",0,0,1,0,0,0,0,620
771,"820-65",0,0,1,0,0,0,0,621
772,"820-65",0,0,1,0,1,0,0,622
773,"820-65",0,0,1,0,0,0,0,623
774,"820-65",0,0,1,0,0,0,0,624
775,"820-65",0,0,1,0,0,0,0,625
776,"820-65",0,0,1,0,0,0,0,626
777,"820-65",0,0,1,0,1,0,0,627
778,"820-65",0,0,1,0,1,0,0,628
779,"820-65",0,0,1,0,0,0,0,629
780,"88-47",0,1,1,2,0,1,16,630
781,"88-47",0,0,1,1,0,0,3,631
782,"88-47",0,0,1,0,1,0,0,632
783,"88-47",0,2,1,0,1,0,18,633
784,"88-47",0,0,1,0,0,0,0,634
785,"88-47",0,0,1,0,0,0,0,635
795,"89-48",1,1,0,1,1,1,40,636
796,"89-48",0,2,1,1,1,2,23,637
797,"89-48",0,1,1,0,1,0,9,638
798,"89-48",2,1,1,1,1,1,67,639
799,"89-48",1,2,1,1,1,2,50,640
801,"8-3",0,0,0,0,1,0,0,641
802,"8-3",1,1,1,0,0,1,37,642
803,"8-3",0,0,1,0,0,0,0,643
804,"8-3",0,1,1,0,0,0,9,644
805,"8-3",0,0,1,1,0,0,3,645
806,"8-3",0,0,1,0,1,0,0,646
807,"8-3",1,1,1,0,0,0,36,647
808,"8-3",1,2,0,1,0,2,50,648
809,"8-3",2,2,1,1,1,1,76,649
810,"8-3",0,0,1,0,0,0,0,650
811,"8-3",0,0,0,0,1,0,0,651
812,"8-3",1,1,1,0,1,0,36,652
813,"8-3",2,2,1,0,0,0,72,653
814,"8-3",1,1,0,0,1,0,36,654
815,"8-3",1,1,1,0,1,0,36,655
816,"8-3",1,1,1,0,1,0,36,656
817,"8-3",0,0,1,0,0,0,0,657
818,"8-3",0,0,1,0,0,0,0,658
819,"8-3",1,1,1,1,0,1,40,659
820,"8-3",0,0,1,0,1,0,0,660
821,"8-3",0,0,1,0,0,0,0,661
822,"8-3",1,2,1,0,1,1,46,662
823,"8-3",2,2,0,0,0,1,73,663
824,"8-3",1,2,1,2,0,1,52,664
825,"8-3",1,2,1,1,1,1,49,665
826,"8-3",1,1,1,0,0,0,36,666
845,"34-17",1,0,0,0,1,0,27,667
847,"34-17",1,1,1,1,1,1,40,668
848,"34-17",1,0,1,2,0,1,34,669
849,"34-17",1,0,1,0,0,1,28,670
851,"34-17",0,0,1,0,1,0,0,671
853,"34-17",1,0,1,2,1,2,35,672
854,"34-17",2,1,1,0,1,1,64,673
855,"34-17",1,1,1,1,0,1,40,674
856,"34-17",1,0,1,0,0,0,27,675
857,"34-17",0,1,1,1,0,2,14,676
859,"34-17",2,0,1,1,0,1,58,677
860,"34-17",1,2,1,1,1,2,50,678
861,"34-17",0,0,1,0,1,1,1,679
862,"34-17",1,0,1,0,0,0,27,680
863,"34-17",0,1,1,0,0,0,9,681
864,"34-17",2,1,1,2,0,0,69,682
865,"4.5-2",1,1,1,2,0,2,44,683
867,"4.5-2",1,1,1,1,0,0,39,684
868,"4.5-2",1,2,1,2,0,0,51,685
869,"4.5-2",0,1,1,0,0,0,9,686
870,"4.5-2",2,1,1,0,1,1,64,687
871,"4.5-2",1,1,0,1,0,2,41,688
873,"4.5-2",1,1,1,1,1,0,39,689
876,"4.5-2",1,2,1,0,0,1,46,690
880,"51-25",2,1,1,1,1,1,67,691
881,"51-25",1,1,1,1,0,0,39,692
882,"51-25",2,1,1,0,0,0,63,693
883,"51-25",0,1,1,1,0,0,12,694
884,"51-25",1,1,1,0,1,0,36,695
885,"51-25",2,1,1,1,0,1,67,696
886,"51-25",0,0,1,0,0,0,0,697
887,"51-25",1,0,1,0,0,0,27,698
888,"51-25",2,1,1,0,1,0,63,699
889,"51-25",2,0,1,0,1,1,55,700
890,"51-25",0,1,1,0,1,1,10,701
891,"51-25",2,1,1,0,1,0,63,702
892,"51-25",2,0,1,1,0,0,57,703
893,"51-25",1,1,1,0,0,0,36,704
895,"51-25",0,1,1,1,1,1,13,705
896,"51-25",0,0,1,0,1,1,1,706
897,"51-25",1,1,1,0,1,1,37,707
899,"51-25",2,0,1,0,0,0,54,708
900,"51-25",0,1,1,0,0,0,9,709
901,"50.75-25",1,1,1,1,1,1,40,710
902,"50.75-25",0,0,1,1,1,0,3,711
903,"50.75-25",1,0,0,0,0,1,28,712
904,"50.75-25",2,1,1,2,0,0,69,713
905,"50.75-25",2,2,1,1,1,2,77,714
906,"50.75-25",2,2,1,2,0,1,79,715
907,"50.75-25",1,1,1,0,0,0,36,716
908,"50.75-25",1,0,1,1,0,0,30,717
909,"50.75-25",1,1,1,0,0,0,36,718
910,"50.75-25",2,1,1,1,1,1,67,719
912,"50.75-25",1,1,1,1,1,0,39,720
913,"50.75-25",1,0,1,0,1,0,27,721
914,"40-19",0,0,1,1,0,0,3,722
915,"40-19",0,0,1,1,0,0,3,723
916,"40-19",2,0,1,0,1,1,55,724
917,"40-19",1,0,1,0,1,0,27,725
918,"40-19",0,0,1,0,0,1,1,726
919,"40-19",1,0,1,1,1,0,30,727
920,"40-19",0,0,1,0,1,0,0,728
921,"40-19",0,0,1,1,1,0,3,729
922,"40-19",1,2,1,2,1,2,53,730
923,"40-19",0,0,1,0,0,0,0,731
924,"40-19",0,0,1,0,0,0,0,732
925,"40-19",0,0,1,0,0,0,0,733
927,"40-19",0,0,1,0,1,0,0,734
928,"40-19",0,1,1,1,1,2,14,735
929,"81-43",0,0,1,0,0,0,0,736
930,"81-43",0,0,1,0,1,0,0,737
931,"81-43",0,0,1,0,0,0,0,738
932,"81-43",0,0,1,0,1,0,0,739
933,"81-43",0,0,1,0,0,0,0,740
934,"81-43",0,0,1,0,0,0,0,741
935,"81-43",0,0,1,0,0,0,0,742
936,"81-43",0,0,1,0,1,0,0,743
937,"81-43",0,0,1,0,0,0,0,744
938,"81-43",0,0,1,0,0,0,0,745
939,"81-43",0,0,1,0,1,0,0,746
940,"81-43",0,0,1,0,0,0,0,747
941,"81-43",1,2,1,0,1,0,45,748
942,"81-43",0,0,1,0,0,0,0,749
943,"81-43",0,0,1,0,0,0,0,750
944,"81-43",1,0,1,0,1,0,27,751
945,"81-43",0,0,1,0,0,0,0,752
946,"81-43",0,2,1,1,1,1,22,753
947,"81-43",0,0,1,0,1,0,0,754
948,"81-43",0,0,1,0,1,0,0,755
949,"81-43",0,0,1,0,0,1,1,756
1404,"14-8",0,0,1,0,1,1,1,757
1405,"14-8",2,2,1,2,1,2,80,758
1406,"14-8",1,2,1,0,1,2,47,759
1408,"14-8",1,2,1,1,1,2,50,760
3201,"32-15",0,0,1,0,0,1,1,761
3202,"32-15",1,2,1,2,0,2,53,762
3203,"32-15",1,1,1,1,1,2,41,763
3204,"32-15",0,0,1,1,0,0,3,764
3205,"32-15",0,0,1,0,1,1,1,765
3206,"32-15",1,0,1,0,1,1,28,766
3207,"32-15",0,1,1,1,0,1,13,767
3208,"32-15",1,2,1,1,1,1,49,768
3209,"32-15",0,0,1,1,1,1,4,769
3210,"32-15",0,0,0,1,0,1,4,770
3211,"32-15",1,1,1,0,0,1,37,771
3212,"32-15",0,1,1,2,0,2,17,772
3213,"32-15",0,0,1,0,1,0,0,773
3214,"32-15",0,2,1,2,1,2,26,774
3215,"32-15",1,1,1,2,1,2,44,775
3216,"32-15",1,2,1,1,1,2,50,776
3217,"32-15",1,0,1,1,0,2,32,777
3218,"32-15",0,0,1,1,1,0,3,778
3219,"32-15",2,2,1,1,1,2,77,779
3220,"32-15",1,2,1,1,1,2,50,780
3302,"33-16",1,2,1,0,1,2,47,781
3303,"33-16",1,1,1,0,0,2,38,782
3304,"33-16",1,0,1,1,0,1,31,783
3305,"33-16",1,2,1,1,1,2,50,784
3306,"33-16",2,2,1,1,0,2,77,785
3307,"33-16",1,1,1,2,1,1,43,786
3308,"33-16",1,2,1,1,1,2,50,787
3309,"33-16",1,1,1,2,1,2,44,788
3601,"36-18",0,0,0,0,0,0,0,789
3602,"36-18",1,0,0,0,0,0,27,790
3603,"36-18",0,0,0,0,0,0,0,791
3604,"36-18",2,2,0,2,1,0,78,792
3605,"36-18",0,0,0,0,1,0,0,793
3606,"36-18",0,1,0,0,0,1,10,794
3607,"36-18",2,0,0,1,0,0,57,795
3608,"36-18",1,1,0,0,1,1,37,796
3611,"36-18",2,1,0,0,0,0,63,797
3612,"36-18",0,1,0,0,1,1,10,798
3614,"36-18",0,0,0,1,1,0,3,799
3616,"36-18",1,1,0,0,1,1,37,800
3617,"36-18",1,0,0,0,0,1,28,801
3618,"36-18",0,0,0,0,0,0,0,802
3620,"36-18",0,1,0,2,0,0,15,803
3621,"36-18",0,0,0,1,0,0,3,804
3622,"36-18",0,0,0,0,0,0,0,805
3623,"36-18",0,0,0,0,0,0,0,806
3624,"36-18",1,0,0,0,0,0,27,807
3631,"36-18",0,0,0,1,0,2,5,808
3632,"36-18",0,1,0,1,0,0,12,809
3634,"36-18",1,2,0,1,0,1,49,810
3635,"36-18",0,0,0,1,0,0,3,811
3636,"36-18",0,0,0,1,0,0,3,812
3637,"36-18",0,0,0,0,1,1,1,813
3638,"36-18",1,0,0,0,1,0,27,814
3640,"36-18",0,1,0,2,1,1,16,815
3641,"36-18",0,0,0,1,0,0,3,816
4501,"45-22",1,1,1,1,1,1,40,817
4502,"45-22",1,2,1,0,1,2,47,818
4504,"45-22",2,0,1,0,0,0,54,819
4507,"45-22",2,1,1,2,0,2,71,820
4508,"45-22",0,1,1,2,0,2,17,821
4509,"45-22",0,1,1,2,0,1,16,822
4510,"45-22",1,1,1,1,1,1,40,823
4511,"45-22",2,2,1,2,0,2,80,824
4512,"45-22",1,2,1,2,0,2,53,825
4513,"45-22",0,1,1,2,0,2,17,826
4514,"45-22",0,0,1,0,0,0,0,827
4515,"45-22",1,2,1,1,0,2,50,828
4516,"45-22",2,0,1,1,0,0,57,829
4517,"45-22",2,2,0,2,0,2,80,830
4518,"45-22",0,1,1,0,1,1,10,831
4519,"45-22",1,1,1,0,0,1,37,832
4520,"45-22",0,0,1,1,0,1,4,833
4521,"45-22",1,1,1,2,1,1,43,834
4522,"45-22",1,1,1,1,1,1,40,835
4523,"45-22",1,1,1,0,1,1,37,836
4524,"45-22",0,0,1,1,0,1,4,837
4525,"45-22",2,1,1,0,0,1,64,838
4526,"45-22",1,1,1,0,1,1,37,839
4527,"45-22",1,2,1,2,0,2,53,840
4701,"47-23",0,0,1,1,0,0,3,841
4702,"47-23",2,2,1,2,0,2,80,842
4703,"47-23",0,0,1,0,0,0,0,843
4704,"47-23",1,0,1,2,0,1,34,844
4705,"47-23",0,0,1,1,0,0,3,845
4706,"47-23",1,0,1,2,0,1,34,846
4707,"47-23",1,0,1,0,1,0,27,847
4708,"47-23",0,1,1,0,1,1,10,848
4709,"47-23",1,0,1,1,0,1,31,849
4710,"47-23",0,0,1,1,0,1,4,850
4711,"47-23",1,1,1,2,0,1,43,851
4713,"47-23",0,0,1,0,0,1,1,852
4714,"47-23",1,1,1,1,0,2,41,853
5101,"51-25",0,0,1,1,1,0,3,854
5102,"51-25",0,0,0,1,0,0,3,855
5103,"51-25",0,1,1,0,0,0,9,856
5104,"51-25",0,1,1,0,1,1,10,857
5105,"51-25",0,0,1,0,0,0,0,858
5106,"51-25",0,0,1,1,0,0,3,859
5107,"51-25",0,0,0,1,0,0,3,860
5108,"51-25",0,0,0,0,0,0,0,861
5109,"51-25",2,0,1,0,0,0,54,862
5110,"51-25",1,0,0,0,1,0,27,863
5111,"51-25",1,0,0,0,1,0,27,864
5112,"51-25",0,0,1,0,0,0,0,865
5113,"51-25",0,0,1,1,0,0,3,866
5114,"51-25",0,1,0,1,1,2,14,867
5116,"51-25",0,1,0,1,1,2,14,868
5117,"51-25",1,1,0,1,1,2,41,869
5118,"51-25",0,1,0,1,0,2,14,870
5119,"51-25",2,2,0,1,1,2,77,871
5120,"51-25",1,2,0,2,0,2,53,872
5121,"51-25",0,0,0,1,0,1,4,873
5122,"51-25",0,0,0,1,0,0,3,874
5123,"51-25",0,0,0,1,0,2,5,875
5124,"51-25",1,2,0,2,0,2,53,876
5125,"51-25",0,1,0,1,0,2,14,877
5126,"51-25",2,2,0,2,0,2,80,878
5127,"51-25",0,0,0,1,0,0,3,879
5129,"51-25",1,1,0,1,1,2,41,880
5130,"51-25",0,1,1,0,1,2,11,881
5131,"51-25",0,1,0,0,0,1,10,882
5132,"51-25",0,0,1,0,0,1,1,883
5133,"51-25",0,0,0,1,0,0,3,884
5134,"51-25",1,2,0,2,0,2,53,885
5135,"51-25",0,1,0,2,0,1,16,886
5136,"51-25",0,0,0,0,0,0,0,887
5137,"51-25",0,1,0,2,0,2,17,888
5138,"51-25",0,0,0,1,0,1,4,889
5139,"51-25",0,0,0,0,0,2,2,890
5142,"51-25",1,1,0,2,0,2,44,891
5143,"51-25",1,1,1,1,1,1,40,892
5144,"51-25",0,0,1,1,0,2,5,893
5145,"51-25",1,1,1,0,1,2,38,894
5148,"51-25",0,0,1,1,1,1,4,895
5149,"51-25",0,0,0,2,1,1,7,896
5150,"51-25",0,0,1,0,0,0,0,897
5151,"51-25",0,1,0,1,0,2,14,898
5152,"51-25",0,1,0,0,1,1,10,899
5153,"51-25",2,1,0,2,1,2,71,900
5155,"51-25",0,1,0,1,1,2,14,901
5156,"51-25",2,2,0,2,0,2,80,902
5157,"51-25",0,0,1,0,0,1,1,903
5158,"51-25",0,0,1,0,0,0,0,904
5160,"51-25",2,1,0,1,1,2,68,905
5161,"51-25",0,1,1,1,0,0,12,906
5162,"51-25",0,1,0,1,0,2,14,907
5163,"51-25",0,0,0,1,1,2,5,908
5302,"53-27",0,0,1,1,0,0,3,909
5303,"53-27",0,0,1,0,0,0,0,910
5304,"53-27",0,0,1,0,1,0,0,911
5305,"53-27",1,1,1,0,1,1,37,912
5306,"53-27",1,0,1,0,0,1,28,913
5307,"53-27",0,0,1,0,0,0,0,914
5308,"53-27",0,0,1,0,1,1,1,915
5309,"53-27",0,0,1,0,1,0,0,916
5310,"53-27",1,1,1,0,1,0,36,917
5311,"53-27",0,0,1,0,1,0,0,918
5312,"53-27",2,0,1,0,0,0,54,919
5313,"53-27",0,0,1,0,0,0,0,920
5314,"53-27",0,0,1,0,1,1,1,921
5315,"53-27",0,0,1,0,1,0,0,922
5316,"53-27",2,2,1,2,0,2,80,923
5317,"53-27",0,0,1,0,1,0,0,924
5318,"53-27",1,0,1,0,0,0,27,925
5319,"53-27",1,0,1,0,1,0,27,926
5320,"53-27",0,1,1,1,1,1,13,927
5321,"53-27",1,0,0,1,0,1,31,928
5322,"53-27",0,0,1,0,0,0,0,929
5323,"53-27",0,0,1,0,1,0,0,930
5324,"53-27",0,0,1,0,1,0,0,931
5325,"53-27",1,1,1,1,0,2,41,932
5326,"53-27",0,2,1,1,1,1,22,933
5327,"53-27",0,1,1,0,1,1,10,934
5328,"53-27",0,1,1,1,1,0,12,935
5329,"53-27",0,0,1,0,1,0,0,936
5330,"53-27",2,2,1,1,1,2,77,937
5331,"53-27",0,0,1,0,0,1,1,938
5332,"53-27",0,0,1,0,0,0,0,939
5333,"53-27",2,1,1,1,1,2,68,940
5334,"53-27",0,0,1,0,1,0,0,941
5335,"53-27",0,0,1,0,1,1,1,942
5336,"53-27",1,1,1,0,1,1,37,943
5337,"53-27",0,0,1,1,0,0,3,944
5338,"53-27",0,0,1,0,1,0,0,945
5339,"53-27",1,0,1,0,0,0,27,946
5340,"53-27",0,0,1,0,1,0,0,947
5341,"53-27",1,0,1,0,0,0,27,948
5342,"53-27",1,0,1,0,1,0,27,949
5343,"53-27",2,2,0,1,1,0,75,950
5344,"53-27",2,1,1,0,1,1,64,951
5345,"53-27",0,0,0,0,0,0,0,952
5346,"53-27",0,0,1,0,0,0,0,953
5347,"53-27",1,1,1,1,1,0,39,954
5348,"53-27",0,0,1,0,0,0,0,955
5349,"53-27",0,0,0,0,0,0,0,956
5350,"53-27",0,0,1,0,0,1,1,957
5351,"53-27",0,0,1,0,1,0,0,958
5601,"56-29",0,0,1,0,1,1,1,959
5602,"56-29",2,2,1,1,1,2,77,960
5604,"56-29",0,1,1,1,0,2,14,961
5605,"56-29",1,1,1,1,1,2,41,962
5606,"56-29",1,0,1,1,1,2,32,963
5607,"56-29",0,0,1,0,1,0,0,964
5608,"56-29",2,2,1,2,1,2,80,965
5609,"56-29",2,2,1,1,1,2,77,966
5610,"56-29",2,1,1,2,0,2,71,967
5611,"56-29",0,0,1,0,0,0,0,968
5612,"56-29",0,0,1,0,0,0,0,969
5613,"56-29",0,0,1,0,1,0,0,970
5614,"56-29",0,0,1,2,0,0,6,971
5616,"56-29",1,1,1,1,1,1,40,972
5617,"56-29",0,0,1,0,0,0,0,973
5619,"56-29",1,0,1,0,1,1,28,974
5620,"56-29",2,2,1,1,1,2,77,975
5622,"56-29",2,0,1,0,0,0,54,976
5623,"56-29",0,0,1,2,0,1,7,977
5624,"56-29",1,2,1,2,1,2,53,978
5625,"56-29",1,1,1,1,0,2,41,979
5626,"56-29",1,1,1,1,0,1,40,980
5627,"56-29",1,0,1,0,0,1,28,981
5628,"56-29",1,1,1,1,0,2,41,982
5629,"56-29",1,1,1,0,0,2,38,983
5701,"57-30",1,0,0,1,1,1,31,984
5702,"57-30",1,0,1,1,0,1,31,985
5703,"57-30",1,0,1,0,0,1,28,986
5704,"57-30",0,0,1,1,0,2,5,987
5705,"57-30",1,1,1,1,0,0,39,988
5706,"57-30",2,2,1,2,0,0,78,989
5708,"57-30",0,1,1,1,0,1,13,990
5709,"57-30",1,0,1,0,0,1,28,991
5711,"57-30",1,1,1,1,1,1,40,992
5712,"57-30",1,0,1,0,0,1,28,993
5713,"57-30",1,1,1,1,0,1,40,994
5714,"57-30",0,2,1,0,1,1,19,995
5715,"57-30",2,1,1,0,0,2,65,996
5716,"57-30",2,2,1,0,0,1,73,997
5717,"57-30",0,1,1,0,1,1,10,998
5718,"57-30",0,0,1,0,1,1,1,999
5719,"57-30",0,0,1,0,0,0,0,1000
5720,"57-30",2,2,1,2,1,2,80,1001
6201,"62-33",0,1,1,0,0,0,9,1002
6202,"62-33",1,1,1,0,0,0,36,1003
6203,"62-33",0,1,1,0,1,0,9,1004
6204,"62-33",2,1,1,0,1,1,64,1005
6205,"62-33",0,1,1,0,1,0,9,1006
6206,"62-33",1,1,1,0,1,0,36,1007
6207,"62-33",0,1,1,0,1,0,9,1008
6210,"62-33",0,1,0,0,0,0,9,1009
6501,"65-34",0,0,1,0,0,0,0,1010
6502,"65-34",2,1,1,1,0,0,66,1011
6503,"65-34",0,0,1,0,1,0,0,1012
6504,"65-34",0,0,1,0,1,0,0,1013
6505,"65-34",0,0,1,1,0,0,3,1014
6506,"65-34",2,2,1,0,1,1,73,1015
6507,"65-34",1,1,1,0,0,0,36,1016
6508,"65-34",0,0,0,0,1,0,0,1017
6509,"65-34",0,0,1,0,0,0,0,1018
6510,"65-34",0,0,1,0,0,0,0,1019
6511,"65-34",0,0,1,0,1,0,0,1020
6512,"65-34",0,1,1,1,1,0,12,1021
6513,"65-34",2,1,1,1,1,0,66,1022
6514,"65-34",2,1,1,1,1,0,66,1023
6515,"65-34",1,1,1,1,0,0,39,1024
6516,"65-34",1,1,1,1,1,0,39,1025
6517,"65-34",1,2,1,2,1,1,52,1026
6518,"65-34",0,0,1,0,0,0,0,1027
6519,"65-34",1,2,1,1,1,2,50,1028
6520,"65-34",0,0,1,0,0,0,0,1029
6521,"65-34",2,0,1,1,0,1,58,1030
6522,"65-34",0,1,1,1,1,1,13,1031
6523,"65-34",0,0,1,1,0,0,3,1032
6524,"65-34",0,0,1,0,0,0,0,1033
6525,"65-34",2,1,1,1,1,1,67,1034
6526,"65-34",0,0,1,0,0,0,0,1035
6527,"65-34",0,1,1,1,0,0,12,1036
6528,"65-34",2,1,1,0,1,2,65,1037
6529,"65-34",0,0,1,0,1,1,1,1038
6530,"65-34",0,0,1,0,1,0,0,1039
6531,"65-34",0,0,0,0,1,1,1,1040
6532,"65-34",0,0,1,0,0,1,1,1041
6533,"65-34",0,0,1,0,0,0,0,1042
6534,"65-34",0,0,1,0,0,1,1,1043
6535,"65-34",0,0,1,1,0,1,4,1044
6536,"65-34",0,1,1,0,1,0,9,1045
6537,"65-34",0,0,1,1,1,0,3,1046
6538,"65-34",0,1,1,1,1,2,14,1047
6539,"65-34",0,1,1,0,1,1,10,1048
6540,"65-34",2,1,1,1,1,1,67,1049
6541,"65-34",0,0,1,1,0,0,3,1050
6542,"65-34",0,1,1,0,0,1,10,1051
6543,"65-34",1,1,1,1,0,1,40,1052
6544,"65-34",2,2,1,1,0,2,77,1053
6545,"65-34",0,1,1,0,0,0,9,1054
7001,"7001-83",1,1,1,1,0,1,40,1055
7002,"7001-83",2,2,1,2,1,2,80,1056
7003,"7001-83",1,2,1,1,0,1,49,1057
7004,"7001-83",0,0,1,0,0,0,0,1058
7005,"7001-83",1,2,1,2,1,2,53,1059
7006,"7001-83",0,0,1,1,0,0,3,1060
7007,"7001-83",0,1,1,0,1,0,9,1061
7008,"7001-83",0,1,1,1,1,0,12,1062
7009,"7001-83",0,0,1,1,1,2,5,1063
7010,"7001-83",2,2,1,2,1,2,80,1064
7011,"7001-83",0,1,1,1,0,0,12,1065
7012,"7001-83",2,2,1,0,1,1,73,1066
7013,"7001-83",1,2,1,1,0,2,50,1067
7014,"7001-83",0,1,1,0,0,0,9,1068
7015,"7001-83",0,0,1,0,1,0,0,1069
7016,"7001-83",0,0,1,1,0,0,3,1070
7017,"7001-83",1,2,0,1,0,2,50,1071
7018,"7001-83",1,2,1,2,1,2,53,1072
7019,"7001-83",1,2,1,1,0,2,50,1073
7020,"7001-83",2,2,1,2,1,2,80,1074
7022,"7001-83",0,0,1,0,0,0,0,1075
7025,"7001-83",1,1,1,1,0,2,41,1076
7027,"7001-83",0,2,0,1,1,2,23,1077
7028,"7001-83",2,2,1,1,0,1,76,1078
7029,"7001-83",0,0,1,1,0,1,4,1079
7030,"7001-83",1,1,1,1,0,1,40,1080
7031,"7002-84",0,0,1,0,0,0,0,1081
7032,"7002-84",0,0,1,0,1,0,0,1082
7034,"7002-84",0,0,1,0,0,0,0,1083
7035,"7002-84",1,1,1,0,1,0,36,1084
7036,"7002-84",0,0,1,0,1,1,1,1085
7037,"7002-84",0,0,0,0,0,0,0,1086
7038,"7002-84",0,0,1,0,0,0,0,1087
7039,"7002-84",0,0,0,0,0,0,0,1088
7040,"7002-84",0,0,1,0,0,0,0,1089
7041,"7002-84",0,1,1,0,0,0,9,1090
7042,"7002-84",0,0,1,0,0,0,0,1091
7043,"7002-84",0,0,1,0,0,0,0,1092
7044,"7002-84",1,1,1,0,1,0,36,1093
7045,"7002-84",1,0,1,1,1,0,30,1094
7046,"7002-84",0,0,1,0,1,0,0,1095
7047,"7002-84",0,0,1,0,0,0,0,1096
7048,"7002-84",0,0,1,0,1,0,0,1097
7049,"7002-84",0,0,1,0,1,0,0,1098
7050,"7002-84",0,0,0,0,0,0,0,1099
7051,"7002-84",0,0,1,0,1,0,0,1100
7052,"7002-84",2,2,0,2,1,2,80,1101
7053,"7002-84",0,0,1,0,0,0,0,1102
7054,"7002-84",1,0,1,0,1,0,27,1103
7055,"7002-84",1,1,1,1,0,0,39,1104
7056,"7002-84",0,0,1,0,0,0,0,1105
7057,"7002-84",0,1,1,0,1,0,9,1106
7058,"7002-84",0,1,1,2,1,0,15,1107
7059,"7002-84",1,1,1,1,1,0,39,1108
7060,"7002-84",1,0,1,0,1,0,27,1109
7061,"7002-84",0,0,0,1,1,1,4,1110
7063,"7002-84",0,0,0,1,0,0,3,1111
7065,"7002-84",2,2,1,1,1,2,77,1112
7066,"7002-84",0,0,1,0,1,0,0,1113
7067,"7002-84",0,0,1,0,0,0,0,1114
7068,"7002-84",0,1,1,1,0,1,13,1115
7069,"7002-84",0,0,1,0,0,0,0,1116
7070,"7002-84",2,1,1,1,0,1,67,1117
7071,"7002-84",1,0,1,0,0,0,27,1118
7072,"7002-84",1,2,1,1,1,2,50,1119
7073,"7002-84",1,1,1,1,1,1,40,1120
7074,"7002-84",0,0,1,0,0,1,1,1121
7075,"7002-84",1,0,1,0,0,0,27,1122
7076,"7002-84",2,2,1,1,0,2,77,1123
7077,"7002-84",0,1,0,1,1,1,13,1124
7078,"7002-84",1,0,1,1,1,1,31,1125
7079,"7002-84",0,0,1,0,0,1,1,1126
7080,"7002-84",0,0,1,0,1,0,0,1127
7081,"7002-84",1,0,1,0,1,0,27,1128
7082,"7002-84",0,0,1,0,0,0,0,1129
7084,"7002-84",2,1,0,2,1,1,70,1130
7085,"7002-84",2,1,1,0,0,1,64,1131
7086,"7002-84",0,0,1,1,0,0,3,1132
7087,"7002-84",0,1,1,0,0,0,9,1133
7088,"7002-84",0,1,1,1,1,1,13,1134
7089,"7002-84",2,2,1,1,1,2,77,1135
7090,"7002-84",2,1,1,0,1,1,64,1136
7092,"7003-85",1,1,0,1,0,0,39,1137
7093,"7003-85",0,0,1,0,1,0,0,1138
7094,"7003-85",0,1,1,0,0,0,9,1139
7095,"7003-85",1,0,1,0,0,0,27,1140
7096,"7003-85",1,1,1,1,1,1,40,1141
7097,"7003-85",1,1,0,1,0,2,41,1142
7098,"7003-85",1,0,1,1,0,1,31,1143
7099,"7003-85",2,0,1,0,0,0,54,1144
7101,"7003-85",2,0,1,1,0,0,57,1145
7103,"7003-85",1,1,1,0,0,1,37,1146
7104,"7003-85",1,0,1,0,1,0,27,1147
7106,"7003-85",0,0,0,1,0,0,3,1148
7107,"7003-85",0,0,0,0,0,0,0,1149
7108,"7003-85",1,1,1,0,0,0,36,1150
7111,"7003-85",0,0,1,0,1,0,0,1151
7112,"7003-85",0,0,1,0,1,1,1,1152
7115,"7003-85",1,0,1,0,1,1,28,1153
7116,"7003-85",0,0,1,0,0,0,0,1154
7117,"7003-85",1,1,0,1,0,2,41,1155
7118,"7003-85",2,1,0,1,0,1,67,1156
7119,"7003-85",0,0,1,0,0,0,0,1157
7120,"7003-85",0,0,1,0,1,0,0,1158
7121,"7003-85",0,0,1,0,0,1,1,1159
7122,"7003-85",0,1,1,1,0,1,13,1160
7125,"7003-85",0,0,0,0,0,0,0,1161
7127,"7003-85",0,0,1,0,1,0,0,1162
7128,"7003-85",0,0,1,0,1,0,0,1163
7129,"7003-85",0,0,1,1,1,0,3,1164
7130,"7003-85",0,1,1,0,1,1,10,1165
7133,"7003-85",0,0,1,0,0,0,0,1166
7135,"7003-85",0,0,1,0,0,0,0,1167
7137,"7003-85",0,2,1,0,0,1,19,1168
7140,"7003-85",1,0,1,0,1,0,27,1169
7141,"7003-85",0,1,1,1,1,0,12,1170
7142,"7003-85",1,0,1,0,0,2,29,1171
7145,"7003-85",0,0,0,0,0,1,1,1172
7146,"7004-86",1,2,0,1,0,2,50,1173
7147,"7004-86",1,0,1,1,0,1,31,1174
7148,"7004-86",0,1,0,0,1,1,10,1175
7149,"7004-86",2,1,1,0,1,0,63,1176
7150,"7004-86",1,1,1,0,0,0,36,1177
7151,"7004-86",0,1,0,0,0,0,9,1178
7152,"7004-86",1,1,1,1,1,1,40,1179
7153,"7004-86",2,1,1,1,1,2,68,1180
7154,"7004-86",1,1,1,1,1,1,40,1181
7155,"7004-86",1,1,1,1,0,1,40,1182
7156,"7004-86",0,0,1,0,0,0,0,1183
7157,"7004-86",1,1,1,1,0,2,41,1184
7158,"7004-86",0,0,1,0,0,0,0,1185
7159,"7004-86",1,0,1,0,0,0,27,1186
7160,"7004-86",0,1,1,0,0,1,10,1187
7161,"7004-86",1,0,1,0,0,0,27,1188
7162,"7004-86",0,0,1,0,0,0,0,1189
7163,"7004-86",0,0,0,1,0,0,3,1190
7164,"7004-86",1,1,0,1,0,2,41,1191
7165,"7004-86",0,0,1,1,1,0,3,1192
7167,"7004-86",0,0,1,0,0,0,0,1193
7168,"7004-86",0,0,1,0,0,0,0,1194
7169,"7004-86",0,0,1,0,1,0,0,1195
7170,"7004-86",0,1,1,0,1,1,10,1196
7171,"7004-86",0,1,1,0,1,1,10,1197
7172,"7004-86",1,0,1,0,0,0,27,1198
7173,"7004-86",0,0,1,1,0,0,3,1199
7174,"7004-86",0,0,1,0,1,0,0,1200
7175,"7004-86",1,0,1,0,0,0,27,1201
7176,"7004-86",1,1,1,1,0,2,41,1202
7177,"7004-86",0,0,1,0,0,0,0,1203
7178,"7004-86",0,0,1,0,0,0,0,1204
7179,"7004-86",1,0,1,0,1,0,27,1205
7180,"7004-86",0,0,1,1,0,0,3,1206
7181,"7004-86",1,2,0,1,1,2,50,1207
7182,"7004-86",0,0,1,0,0,1,1,1208
7183,"7004-86",0,1,1,0,0,1,10,1209
7185,"7004-86",0,0,1,0,0,0,0,1210
7186,"7004-86",1,1,1,1,1,2,41,1211
7187,"7004-86",0,0,1,0,0,0,0,1212
7188,"7004-86",0,0,1,0,0,0,0,1213
7189,"7004-86",0,0,1,0,0,0,0,1214
7190,"7004-86",0,0,1,0,0,0,0,1215
7191,"7004-86",0,0,1,0,0,0,0,1216
7193,"7004-86",0,1,1,0,1,1,10,1217
7194,"7004-86",1,1,1,1,0,2,41,1218
7195,"7004-86",1,1,1,0,1,2,38,1219
7196,"7004-86",0,0,1,0,1,0,0,1220
7197,"7004-86",0,0,1,0,1,0,0,1221
7198,"7004-86",0,0,1,0,0,0,0,1222
7199,"7004-86",2,2,1,1,1,2,77,1223
7200,"7004-86",0,0,1,0,0,0,0,1224
7201,"7004-86",1,2,1,2,0,2,53,1225
7202,"7004-86",1,0,0,0,1,0,27,1226
7203,"7004-86",0,0,1,0,1,0,0,1227
7204,"7004-86",1,2,1,1,1,2,50,1228
7205,"7004-86",0,0,1,0,0,0,0,1229
7206,"7004-86",0,0,1,0,0,1,1,1230
7207,"7005-87",0,1,0,1,1,1,13,1231
7208,"7005-87",1,1,1,1,1,1,40,1232
7209,"7005-87",0,1,0,0,1,0,9,1233
7210,"7005-87",0,1,0,1,0,0,12,1234
7211,"7005-87",0,1,1,0,1,1,10,1235
7212,"7005-87",0,0,1,0,0,0,0,1236
7213,"7005-87",0,0,0,0,1,0,0,1237
7214,"7005-87",0,0,1,0,0,0,0,1238
7215,"7005-87",1,1,0,1,1,0,39,1239
7216,"7005-87",0,0,0,0,1,0,0,1240
7217,"7005-87",0,0,1,0,1,0,0,1241
7218,"7005-87",0,0,1,0,0,0,0,1242
7219,"7005-87",0,0,0,0,1,0,0,1243
7220,"7005-87",0,0,0,0,1,0,0,1244
7221,"7005-87",0,1,0,0,0,1,10,1245
7233,"7005-87",0,0,0,0,0,0,0,1246
7234,"7005-87",1,2,0,1,1,1,49,1247
7235,"7005-87",0,0,1,1,0,0,3,1248
7236,"7005-87",1,1,1,0,1,1,37,1249
7237,"7006-87",0,0,1,0,1,0,0,1250
7238,"7006-87",1,0,0,1,0,0,30,1251
7239,"7006-87",1,1,0,1,1,1,40,1252
7240,"7006-87",0,0,1,0,0,0,0,1253
7241,"7006-87",1,1,1,1,0,2,41,1254
7242,"7006-87",2,2,1,0,1,1,73,1255
7243,"7006-87",0,0,1,1,1,1,4,1256
7244,"7006-87",0,1,0,0,1,0,9,1257
7245,"7006-87",1,1,1,1,1,0,39,1258
7246,"7006-87",0,0,1,1,1,1,4,1259
7247,"7006-87",1,2,0,2,1,2,53,1260
7248,"7006-87",0,0,0,1,0,1,4,1261
7249,"7006-87",1,0,0,0,0,0,27,1262
7250,"7006-87",2,2,0,2,1,2,80,1263
7251,"7006-87",1,0,0,1,0,1,31,1264
7252,"7006-87",0,1,0,1,0,0,12,1265
7253,"7006-87",2,0,1,2,0,0,60,1266
7254,"7006-87",0,0,1,0,1,0,0,1267
7255,"7006-87",0,0,0,0,1,0,0,1268
7257,"7006-87",0,1,0,2,1,2,17,1269
7259,"7006-87",0,0,1,0,0,0,0,1270
7262,"7006-87",0,0,1,1,0,0,3,1271
7263,"7006-87",0,1,0,0,0,1,10,1272
7264,"7006-87",2,1,0,1,0,1,67,1273
7265,"7006-87",0,0,0,0,0,0,0,1274
7266,"7006-87",2,2,0,1,1,1,76,1275
7267,"7006-87",1,0,1,0,1,1,28,1276
7269,"7006-87",1,0,1,1,1,0,30,1277
7270,"7006-87",0,0,1,1,0,0,3,1278
7271,"7006-87",0,0,0,1,0,2,5,1279
7273,"7006-87",0,0,1,1,1,0,3,1280
7274,"7006-87",0,0,1,1,0,0,3,1281
7275,"7006-87",1,1,1,0,1,0,36,1282
7276,"7006-87",0,0,0,1,0,0,3,1283
7277,"7006-87",2,1,1,1,1,1,67,1284
7278,"7006-87",2,1,1,1,0,1,67,1285
7279,"7006-87",1,0,0,2,1,2,35,1286
7280,"7006-87",1,0,0,1,1,2,32,1287
7281,"7006-87",0,0,1,1,0,2,5,1288
7282,"7006-87",0,1,1,0,0,2,11,1289
7283,"7006-87",1,0,0,2,1,2,35,1290
7284,"7006-87",0,1,0,1,1,1,13,1291
7285,"7006-87",0,0,1,1,1,0,3,1292
7286,"7006-87",0,0,1,1,1,1,4,1293
7288,"7006-87",0,0,0,1,0,0,3,1294
7289,"7006-87",0,0,0,1,0,0,3,1295
7290,"7006-87",2,2,0,2,1,2,80,1296
7291,"7006-87",0,0,1,0,0,0,0,1297
7292,"7006-87",1,0,0,0,1,2,29,1298
7293,"7006-87",0,0,0,2,0,2,8,1299
7294,"7006-87",0,0,0,2,1,0,6,1300
7295,"7006-87",0,0,0,0,0,0,0,1301
7296,"7006-87",0,0,0,0,0,0,0,1302
7298,"7006-87",0,1,0,0,1,0,9,1303
7299,"7006-87",0,0,1,0,0,0,0,1304
7301,"7006-87",0,0,1,0,0,0,0,1305
7302,"7006-87",0,2,0,1,1,1,22,1306
7303,"7006-87",0,0,0,1,1,1,4,1307
7304,"7006-87",2,0,0,1,1,1,58,1308
7305,"7006-87",0,1,0,1,0,1,13,1309
7306,"7006-87",2,1,0,2,1,1,70,1310
7307,"7006-87",1,1,1,1,0,2,41,1311
7308,"7006-87",0,0,0,0,1,1,1,1312
7309,"7006-87",1,1,0,1,1,1,40,1313
7310,"7006-87",1,1,1,0,0,1,37,1314
7311,"7006-87",1,1,0,1,0,2,41,1315
7312,"7006-87",0,0,0,1,1,1,4,1316
7313,"7006-87",0,0,1,1,0,0,3,1317
7315,"7006-87",0,1,0,0,0,0,9,1318
7316,"7006-87",1,1,0,1,1,2,41,1319
7317,"7006-87",1,1,0,0,0,1,37,1320
7318,"7006-87",0,0,0,1,0,1,4,1321
7319,"7006-87",0,1,1,2,1,2,17,1322
7320,"7006-87",0,0,0,1,0,2,5,1323
7321,"7006-87",0,1,0,2,1,2,17,1324
7322,"7006-87",0,0,0,0,0,1,1,1325
7323,"7006-87",0,1,1,1,1,0,12,1326
7324,"7007-88",2,2,0,1,0,2,77,1327
7325,"7007-88",2,2,0,2,0,2,80,1328
7326,"7007-88",1,1,1,1,1,2,41,1329
7327,"7007-88",2,0,1,0,1,1,55,1330
7328,"7007-88",1,1,0,0,1,2,38,1331
7329,"7007-88",2,1,0,0,1,2,65,1332
7330,"7007-88",1,0,0,1,0,1,31,1333
7332,"7007-88",2,1,0,1,1,2,68,1334
7333,"7007-88",0,0,0,0,0,0,0,1335
7334,"7007-88",0,0,0,1,0,1,4,1336
7335,"7007-88",0,0,1,0,1,1,1,1337
7336,"7007-88",0,0,0,1,0,2,5,1338
7337,"7007-88",2,2,1,1,1,2,77,1339
7338,"7007-88",2,0,0,2,0,2,62,1340
7339,"7007-88",2,2,1,1,1,2,77,1341
7340,"7007-88",2,2,1,2,1,1,79,1342
7341,"7007-88",0,0,1,1,0,1,4,1343
7342,"7007-88",1,1,0,2,1,2,44,1344
7343,"7007-88",0,1,1,1,1,1,13,1345
7344,"7007-88",1,1,0,1,0,1,40,1346
7345,"7007-88",0,0,0,0,0,0,0,1347
7346,"7007-88",2,1,1,0,1,0,63,1348
7347,"7007-88",0,0,0,1,0,0,3,1349
7348,"7007-88",2,1,0,2,1,1,70,1350
7349,"7007-88",0,0,0,0,0,2,2,1351
7351,"7007-88",2,0,1,2,0,1,61,1352
7352,"7007-88",0,1,0,1,0,2,14,1353
7354,"7007-88",1,1,1,1,1,2,41,1354
7355,"7007-88",0,0,1,0,0,1,1,1355
7356,"7007-88",2,2,0,1,1,1,76,1356
7357,"7007-88",0,0,1,0,0,0,0,1357
7358,"7007-88",1,1,1,1,0,1,40,1358
7359,"7007-88",0,0,1,0,1,0,0,1359
7360,"7007-88",2,2,1,1,0,2,77,1360
7362,"7007-88",1,0,0,1,0,1,31,1361
7363,"7007-88",2,2,1,1,1,1,76,1362
7364,"7007-88",1,1,1,1,0,1,40,1363
7365,"7007-88",0,1,0,2,1,2,17,1364
7366,"7007-88",2,2,1,2,1,2,80,1365
7367,"7007-88",2,2,1,1,1,2,77,1366
7389,"7008-89",2,2,0,0,1,1,73,1367
7390,"7008-89",0,1,1,0,0,0,9,1368
7391,"7008-89",1,1,1,0,0,1,37,1369
7392,"7008-89",2,2,1,2,1,2,80,1370
7393,"7008-89",0,1,1,2,1,1,16,1371
7394,"7008-89",1,0,0,0,1,1,28,1372
7395,"7008-89",1,1,1,0,0,1,37,1373
7397,"7008-89",1,2,1,1,0,2,50,1374
7398,"7008-89",0,0,0,0,0,0,0,1375
7399,"7008-89",0,0,1,0,0,0,0,1376
7401,"7008-89",2,2,0,0,1,0,72,1377
7402,"7008-89",0,1,0,0,0,1,10,1378
7403,"7008-89",0,0,1,0,0,0,0,1379
7404,"7008-89",1,2,1,0,1,2,47,1380
7405,"7008-89",0,0,1,0,1,1,1,1381
7406,"7008-89",0,0,0,0,0,0,0,1382
7407,"7008-89",0,0,0,2,0,1,7,1383
7408,"7008-89",0,0,1,1,0,0,3,1384
7409,"7008-89",0,0,0,0,0,0,0,1385
7410,"7008-89",0,0,1,0,1,0,0,1386
7411,"7008-89",0,0,0,0,0,1,1,1387
7412,"7008-89",0,0,1,2,0,1,7,1388
8001,"80-41",1,0,1,1,0,2,32,1389
8003,"80-41",1,0,1,0,1,0,27,1390
8006,"80-41",2,1,1,2,0,2,71,1391
8007,"80-41",1,0,1,1,0,2,32,1392
8008,"80-41",2,0,1,0,1,1,55,1393
8009,"80-41",1,1,1,0,0,1,37,1394
8010,"80-41",2,1,1,1,1,2,68,1395
8011,"80-41",0,1,1,1,1,0,12,1396
8201,"82-44",2,2,1,1,1,2,77,1397
8202,"82-44",1,2,1,2,1,2,53,1398
8203,"82-44",1,2,1,1,1,1,49,1399
8204,"82-44",2,1,1,1,1,2,68,1400
8205,"82-44",1,2,1,2,0,2,53,1401
8206,"82-44",2,1,1,2,1,2,71,1402
8207,"82-44",0,0,1,1,1,1,4,1403
8208,"82-44",1,1,0,2,0,2,44,1404
8209,"82-44",2,2,0,2,1,2,80,1405
8210,"82-44",1,0,1,2,0,2,35,1406
8211,"82-44",0,0,1,0,1,0,0,1407
8213,"82-44",1,1,1,0,0,1,37,1408
8215,"82-44",0,0,1,0,0,0,0,1409
8216,"82-44",0,0,1,0,0,0,0,1410
8217,"82-44",0,0,1,0,0,0,0,1411
8218,"82-44",1,1,1,2,1,1,43,1412
8219,"82-44",0,0,1,0,1,0,0,1413
8220,"82-44",0,0,1,0,0,0,0,1414
8222,"82-44",1,0,1,0,0,0,27,1415
8223,"82-44",0,0,1,0,0,0,0,1416
8224,"82-44",0,0,1,0,1,0,0,1417
8225,"82-44",1,0,0,0,1,0,27,1418
8226,"82-44",2,1,1,1,1,2,68,1419
8227,"82-44",1,0,1,0,1,0,27,1420
8228,"82-44",0,0,1,0,0,1,1,1421
8229,"82-44",1,0,1,2,0,1,34,1422
8230,"82-44",0,1,1,0,0,0,9,1423
8231,"82-44",0,0,0,0,0,0,0,1424
8232,"82-44",0,0,0,0,0,0,0,1425
8233,"82-44",0,1,1,2,0,2,17,1426
8234,"82-44",0,0,1,0,1,1,1,1427
8235,"82-44",2,1,1,1,1,2,68,1428
8236,"82-44",2,1,1,2,1,2,71,1429
8237,"82-44",0,0,0,0,0,0,0,1430
8239,"82-44",0,1,1,0,1,2,11,1431
8241,"82-44",1,1,1,1,0,2,41,1432
8242,"82-44",1,0,1,1,0,1,31,1433
8243,"82-44",1,0,1,1,0,1,31,1434
8244,"82-44",2,1,0,2,0,1,70,1435
8245,"82-44",1,0,1,1,0,0,30,1436
8246,"82-44",0,0,1,1,0,1,4,1437
8247,"82-44",2,0,1,1,1,1,58,1438
8248,"82-44",0,0,0,1,1,0,3,1439
8249,"82-44",0,0,0,1,1,0,3,1440
8250,"82-44",0,0,0,0,0,0,0,1441
8251,"82-44",0,0,1,1,0,0,3,1442
8252,"82-44",1,1,1,2,0,2,44,1443
8253,"82-44",1,1,1,0,1,1,37,1444
8254,"82-44",0,0,1,0,0,0,0,1445
8255,"82-44",0,0,1,1,0,1,4,1446
8256,"82-44",0,1,0,1,0,2,14,1447
8257,"82-44",1,1,0,1,0,2,41,1448
8259,"82-44",0,0,0,1,0,1,4,1449
8260,"82-44",1,1,1,1,1,2,41,1450
8261,"82-44",1,0,0,1,1,2,32,1451
8262,"82-44",0,0,0,1,1,2,5,1452
8263,"82-44",1,1,1,2,0,2,44,1453
8264,"82-44",0,1,0,1,1,2,14,1454
8265,"82-44",1,1,0,1,0,2,41,1455
8266,"82-44",0,0,0,0,0,0,0,1456
8267,"82-44",0,0,0,1,0,0,3,1457
8268,"82-44",0,0,1,1,0,0,3,1458
8269,"82-44",1,0,1,0,0,1,28,1459
9601,"96-53",0,0,1,2,1,2,8,1460
9602,"96-53",0,0,1,1,0,1,4,1461
9603,"96-53",2,2,1,1,0,2,77,1462
9604,"96-53",0,0,1,0,0,0,0,1463
9605,"96-53",1,0,0,0,0,0,27,1464
9606,"96-53",2,1,1,1,0,1,67,1465
9607,"96-53",0,0,1,0,0,1,1,1466
9608,"96-53",0,0,1,0,0,0,0,1467
9609,"96-53",0,0,1,1,0,2,5,1468
9610,"96-53",0,0,1,0,0,0,0,1469
9611,"96-53",2,2,0,1,1,2,77,1470
9612,"96-53",1,1,1,1,1,2,41,1471
11201,"112-56",1,1,0,2,1,1,43,1472
11202,"112-56",0,0,0,0,0,0,0,1473
11203,"112-56",2,1,0,1,0,1,67,1474
11204,"112-56",1,0,0,2,0,0,33,1475
11205,"112-56",0,0,0,1,0,0,3,1476
11206,"112-56",1,1,1,2,0,1,43,1477
11207,"112-56",1,1,1,1,0,0,39,1478
11209,"112-56",1,2,1,2,0,1,52,1479
11210,"112-56",0,1,1,2,0,1,16,1480
11211,"112-56",1,1,1,2,0,1,43,1481
11212,"112-56",0,0,1,2,0,0,6,1482
11213,"112-56",0,0,0,1,0,0,3,1483
11214,"112-56",1,2,1,2,1,2,53,1484
11215,"112-56",0,0,0,1,0,0,3,1485
11217,"112-56",0,1,0,1,1,2,14,1486
11218,"112-56",1,2,0,1,1,2,50,1487
11219,"112-56",1,1,1,1,1,0,39,1488
11222,"112-56",1,1,1,1,0,1,40,1489
11224,"112-56",1,1,0,1,1,2,41,1490
11225,"112-56",1,1,0,1,0,1,40,1491
11226,"112-56",1,2,0,1,0,2,50,1492
11227,"112-56",0,0,1,0,1,0,0,1493
12401,"124-57",1,0,1,0,0,1,28,1494
12403,"124-57",0,1,1,1,1,2,14,1495
12404,"124-57",0,0,1,0,0,1,1,1496
12405,"124-57",2,1,1,2,1,2,71,1497
12407,"124-57",0,1,1,0,0,1,10,1498
12408,"124-57",0,0,1,0,0,0,0,1499
12409,"124-57",0,0,1,0,1,0,0,1500
12411,"124-57",0,1,1,1,0,1,13,1501
12413,"124-57",0,0,1,0,1,0,0,1502
12414,"124-57",1,0,1,1,1,0,30,1503
12415,"124-57",0,0,1,1,1,0,3,1504
12416,"124-57",2,0,1,0,0,0,54,1505
12419,"124-57",1,1,1,0,0,2,38,1506
12421,"124-57",0,0,1,1,0,0,3,1507
12423,"124-57",1,1,0,0,1,1,37,1508
12424,"124-57",1,0,1,0,0,1,28,1509
12427,"124-57",2,2,1,1,0,1,76,1510
12428,"124-57",2,0,1,0,0,2,56,1511
12430,"124-57",1,1,1,1,1,2,41,1512
12432,"124-57",2,2,1,1,1,2,77,1513
12433,"124-57",2,1,1,0,0,1,64,1514
12501,"125-58",2,1,0,0,1,0,63,1515
12502,"125-58",0,0,1,0,1,0,0,1516
12503,"125-58",1,0,1,0,1,0,27,1517
12504,"125-58",2,2,1,1,1,1,76,1518
12505,"125-58",0,0,1,0,1,0,0,1519
12506,"125-58",2,1,1,1,1,1,67,1520
12507,"125-58",1,1,0,0,1,1,37,1521
12508,"125-58",1,1,1,0,1,1,37,1522
12509,"125-58",2,1,1,1,1,1,67,1523
12510,"125-58",1,1,0,1,1,1,40,1524
12511,"125-58",1,1,1,1,0,1,40,1525
12512,"125-58",2,2,0,2,1,2,80,1526
12516,"125-58",0,0,1,0,0,0,0,1527
12517,"125-58",0,0,1,0,1,0,0,1528
12518,"125-58",0,0,1,0,1,0,0,1529
12520,"125-58",0,0,1,0,0,0,0,1530
12521,"125-58",0,0,0,0,0,1,1,1531
12522,"125-58",0,0,1,0,0,0,0,1532
12524,"125-58",0,0,1,0,0,0,0,1533
12525,"125-58",0,0,1,0,1,0,0,1534
12526,"125-58",0,0,1,0,0,1,1,1535
12527,"125-58",0,0,1,0,0,0,0,1536
12528,"125-58",0,1,1,1,1,1,13,1537
12529,"125-58",1,0,1,0,0,0,27,1538
12530,"125-58",1,1,1,0,1,1,37,1539
12531,"125-58",0,1,1,2,0,0,15,1540
27822,"27-13",1,0,1,0,1,0,27,1541
27824,"27-13",0,0,1,0,0,0,0,1542
27825,"27-13",0,0,1,0,0,0,0,1543
27826,"27-13",0,1,1,0,0,1,10,1544
27827,"27-13",0,0,1,0,0,0,0,1545
27828,"27-13",0,0,1,0,0,0,0,1546
27829,"27-13",0,0,1,0,1,0,0,1547
27830,"27-13",0,0,1,0,0,0,0,1548
27831,"27-13",0,0,1,0,1,0,0,1549
27832,"27-13",1,0,1,0,1,0,27,1550
27833,"27-13",1,0,1,0,0,0,27,1551
27834,"27-13",0,0,1,0,0,0,0,1552
27835,"27-13",0,0,1,0,0,0,0,1553
27836,"27-13",0,0,1,0,1,0,0,1554
27837,"27-13",1,1,1,1,1,2,41,1555
27838,"27-13",0,0,1,0,0,0,0,1556
27839,"27-13",0,0,1,0,1,0,0,1557
27840,"27-13",1,0,1,0,1,0,27,1558
27841,"27-13",1,0,1,0,1,0,27,1559
27842,"27-13",0,0,0,0,0,0,0,1560
27843,"27-13",2,1,1,0,1,1,64,1561
27844,"27-13",0,0,1,0,1,0,0,1562
69330,"69-36",1,2,1,2,0,2,53,1563
69331,"69-36",2,2,1,2,0,0,78,1564
69332,"69-36",0,1,1,2,0,0,15,1565
69334,"69-36",2,2,1,1,0,2,77,1566
78335,"78-40",1,0,1,1,1,0,30,1567
78336,"78-40",1,1,1,1,1,1,40,1568
78337,"78-40",1,2,1,1,0,1,49,1569
78338,"78-40",1,1,1,2,0,1,43,1570
78339,"78-40",0,0,1,1,1,1,4,1571
78340,"78-40",2,1,0,2,0,0,69,1572
89800,"89-48",1,0,1,0,0,0,27,1573
89801,"89-48",0,1,1,0,1,1,10,1574
89802,"89-48",2,1,1,0,1,1,64,1575
89803,"89-48",2,2,1,1,1,0,75,1576
89804,"89-48",0,0,1,0,0,0,0,1577
89805,"89-48",0,1,1,0,0,0,9,1578
89806,"89-48",0,0,1,0,0,0,0,1579
89807,"89-48",1,1,1,1,1,0,39,1580
90201,"902-66",0,0,1,0,0,0,0,1581
90202,"902-66",2,1,0,1,1,2,68,1582
90203,"902-66",0,0,1,1,0,1,4,1583
90204,"902-66",1,1,0,0,1,1,37,1584
90205,"902-66",0,0,1,0,0,0,0,1585
90206,"902-66",1,0,1,0,0,0,27,1586
90207,"902-66",0,0,0,0,0,0,0,1587
90208,"902-66",0,0,1,1,0,1,4,1588
90209,"902-66",1,1,1,1,1,1,40,1589
90210,"902-66",1,2,1,1,0,1,49,1590
90211,"902-66",2,2,1,1,1,1,76,1591
90212,"902-66",0,0,1,0,1,0,0,1592
90213,"902-66",1,1,1,1,1,1,40,1593
90214,"902-66",0,0,1,0,0,1,1,1594
90216,"902-66",1,0,1,2,1,2,35,1595
90217,"902-66",2,1,1,1,1,0,66,1596
90218,"902-66",2,2,1,0,1,1,73,1597
90219,"902-66",0,0,1,0,0,0,0,1598
90220,"902-66",0,1,1,0,1,0,9,1599
90221,"902-66",1,1,1,2,1,1,43,1600
90222,"902-66",0,0,0,0,0,0,0,1601
90223,"902-66",2,1,1,0,1,0,63,1602
90224,"902-66",0,1,1,1,1,1,13,1603
90225,"902-66",1,1,0,1,1,1,40,1604
90226,"902-66",0,0,1,1,1,1,4,1605
90227,"902-66",2,2,1,1,1,1,76,1606
90228,"902-66",1,1,1,0,1,1,37,1607
90229,"902-66",0,0,1,1,0,0,3,1608
90230,"902-66",1,1,1,0,1,0,36,1609
90231,"902-66",0,0,1,0,0,0,0,1610
90232,"902-66",2,1,1,1,0,1,67,1611
90233,"902-66",0,0,1,0,0,0,0,1612
90234,"902-66",0,1,1,1,1,1,13,1613
90235,"902-66",1,1,1,0,1,0,36,1614
90236,"902-66",1,0,1,0,0,0,27,1615
91001,"910-67",0,0,1,0,0,0,0,1616
91002,"910-67",0,0,1,0,0,0,0,1617
91003,"910-67",0,0,1,0,1,0,0,1618
91004,"910-67",0,0,1,0,1,0,0,1619
91005,"910-67",0,0,1,0,1,0,0,1620
91006,"910-67",0,0,1,0,1,0,0,1621
91007,"910-67",1,0,1,0,1,1,28,1622
91008,"910-67",0,0,1,0,1,1,1,1623
91009,"910-67",1,0,1,0,0,0,27,1624
91010,"910-67",0,0,1,0,0,0,0,1625
91011,"910-67",0,1,0,0,0,0,9,1626
91012,"910-67",1,1,0,0,1,1,37,1627
91201,"912-68",0,0,1,0,0,0,0,1628
91202,"912-68",0,0,1,0,0,0,0,1629
91203,"912-68",0,0,1,0,0,1,1,1630
91204,"912-68",1,0,1,0,0,0,27,1631
91205,"912-68",0,0,1,0,0,0,0,1632
91206,"912-68",0,0,1,0,1,0,0,1633
91207,"912-68",2,0,1,1,1,2,59,1634
91208,"912-68",1,0,1,0,1,0,27,1635
91209,"912-68",0,0,1,0,1,0,0,1636
91210,"912-68",0,0,1,0,1,0,0,1637
91211,"912-68",0,0,1,0,1,0,0,1638
91212,"912-68",0,0,1,0,1,0,0,1639
91213,"912-68",0,0,1,0,1,0,0,1640
91214,"912-68",0,0,1,0,1,0,0,1641
91215,"912-68",0,0,1,1,1,0,3,1642
91216,"912-68",0,0,1,0,1,0,0,1643
91217,"912-68",0,0,0,0,0,1,1,1644
91218,"912-68",1,0,1,0,0,1,28,1645
91219,"912-68",0,1,1,1,0,1,13,1646
91220,"912-68",0,0,1,0,0,0,0,1647
91221,"912-68",0,0,1,0,1,0,0,1648
91222,"912-68",0,0,1,0,0,1,1,1649
91223,"912-68",0,0,1,0,1,0,0,1650
91224,"912-68",0,0,1,0,1,0,0,1651
91225,"912-68",0,0,1,0,1,0,0,1652
91226,"912-68",0,0,1,0,0,0,0,1653
91227,"912-68",0,0,1,0,0,0,0,1654
91228,"912-68",0,1,1,0,1,0,9,1655
91229,"912-68",0,1,1,0,0,0,9,1656
91230,"912-68",0,0,1,0,1,0,0,1657
91231,"912-68",0,0,1,0,0,0,0,1658
91232,"912-68",0,1,1,0,0,0,9,1659
91233,"912-68",0,1,1,0,0,0,9,1660
91234,"912-68",0,0,1,0,0,0,0,1661
91235,"912-68",0,0,1,0,0,0,0,1662
91236,"912-68",0,0,1,0,0,0,0,1663
91237,"912-68",0,0,1,0,0,0,0,1664
91239,"912-68",0,1,0,0,0,0,9,1665
91240,"912-68",0,0,1,0,0,0,0,1666
91241,"912-68",0,0,1,1,1,0,3,1667
91243,"912-68",0,0,0,0,0,0,0,1668
91244,"912-68",1,1,1,1,0,2,41,1669
91245,"912-68",0,1,1,0,0,2,11,1670
91246,"912-68",0,0,1,0,0,0,0,1671
91247,"912-68",0,0,1,0,0,0,0,1672
91248,"912-68",0,0,1,0,0,0,0,1673
91249,"912-68",0,0,1,0,0,0,0,1674
91901,"919-69",1,1,1,0,1,2,38,1675
91902,"919-69",0,0,1,0,0,1,1,1676
91903,"919-69",0,0,1,0,0,1,1,1677
91904,"919-69",0,0,1,0,0,0,0,1678
91905,"919-69",1,0,1,0,0,0,27,1679
91906,"919-69",0,0,1,0,0,1,1,1680
91907,"919-69",0,0,1,0,0,0,0,1681
91908,"919-69",0,0,1,0,1,0,0,1682
91909,"919-69",0,0,0,0,1,1,1,1683
91910,"919-69",0,0,1,0,1,0,0,1684
91911,"919-69",0,0,1,0,0,0,0,1685
91912,"919-69",0,1,1,0,1,0,9,1686
91913,"919-69",0,0,1,0,1,0,0,1687
91914,"919-69",0,0,1,0,0,0,0,1688
91915,"919-69",0,0,1,0,1,0,0,1689
91916,"919-69",1,0,1,0,1,1,28,1690
92001,"920-70",0,0,0,0,1,0,0,1691
92002,"920-70",2,0,1,0,1,1,55,1692
92003,"920-70",0,0,1,0,1,0,0,1693
92004,"920-70",0,0,1,0,0,0,0,1694
92005,"920-70",0,1,1,1,0,2,14,1695
92006,"920-70",0,0,1,0,1,1,1,1696
92007,"920-70",1,1,1,1,0,2,41,1697
92009,"920-70",0,0,1,1,0,1,4,1698
92010,"920-70",0,0,1,0,1,1,1,1699
92011,"920-70",0,1,1,0,0,0,9,1700
92012,"920-70",1,0,0,1,1,0,30,1701
92013,"920-70",2,1,1,0,1,1,64,1702
92014,"920-70",0,0,1,0,0,1,1,1703
92015,"920-70",0,0,1,0,1,0,0,1704
92016,"920-70",2,0,0,1,0,1,58,1705
92017,"920-70",0,0,1,1,1,0,3,1706
92201,"922-71",0,2,1,2,1,2,26,1707
92202,"922-71",1,2,1,2,1,2,53,1708
92203,"922-71",2,2,1,2,1,2,80,1709
92204,"922-71",0,1,1,0,1,1,10,1710
92205,"922-71",1,2,1,1,1,2,50,1711
92206,"922-71",0,1,1,1,0,1,13,1712
92207,"922-71",2,2,1,1,1,2,77,1713
92208,"922-71",0,0,1,0,1,0,0,1714
92209,"922-71",0,0,1,1,1,0,3,1715
92211,"922-71",0,1,1,1,0,2,14,1716
92212,"922-71",2,1,1,1,1,1,67,1717
92213,"922-71",0,1,1,2,0,2,17,1718
92214,"922-71",1,1,1,1,1,1,40,1719
92215,"922-71",0,0,1,0,1,1,1,1720
92216,"922-71",0,0,1,0,0,0,0,1721
92217,"922-71",2,2,1,1,1,2,77,1722
92218,"922-71",0,0,1,0,0,0,0,1723
92219,"922-71",1,1,1,1,0,2,41,1724
92220,"922-71",1,1,1,1,0,1,40,1725
92222,"922-71",1,1,1,0,1,0,36,1726
92223,"922-71",2,1,1,0,0,0,63,1727
92226,"922-71",1,2,1,2,1,2,53,1728
92227,"922-71",0,1,1,1,1,2,14,1729
92228,"922-71",1,2,1,1,0,2,50,1730
92229,"922-71",0,1,1,0,1,1,10,1731
92306,"923-72",2,1,0,0,1,2,65,1732
92307,"923-72",1,2,1,1,0,2,50,1733
92309,"923-72",2,1,1,2,1,2,71,1734
92311,"923-72",0,1,1,0,1,2,11,1735
92312,"923-72",2,2,1,1,1,2,77,1736
92313,"923-72",0,1,1,1,1,2,14,1737
92317,"923-72",0,0,1,0,0,1,1,1738
92318,"923-72",0,1,1,0,0,1,10,1739
92320,"923-72",0,1,1,1,1,2,14,1740
92403,"924-73",2,1,1,1,1,2,68,1741
92404,"924-73",0,0,0,0,0,0,0,1742
92405,"924-73",1,0,1,0,0,2,29,1743
92406,"924-73",1,1,1,0,0,0,36,1744
92407,"924-73",0,0,1,0,0,0,0,1745
92408,"924-73",1,0,1,0,0,0,27,1746
92409,"924-73",0,0,1,0,0,0,0,1747
92410,"924-73",1,1,1,0,0,1,37,1748
92413,"924-73",0,0,0,1,0,1,4,1749
92414,"924-73",0,0,1,0,0,1,1,1750
92415,"924-73",1,1,1,1,1,1,40,1751
92416,"924-73",1,0,1,1,1,2,32,1752
92417,"924-73",1,2,1,1,1,2,50,1753
92418,"924-73",0,0,1,0,0,0,0,1754
92419,"924-73",2,0,1,0,1,1,55,1755
92420,"924-73",0,0,1,1,0,1,4,1756
92421,"924-73",0,0,1,1,1,1,4,1757
92422,"924-73",0,0,1,0,0,1,1,1758
92423,"924-73",2,0,1,1,0,2,59,1759
92424,"924-73",1,0,0,0,0,2,29,1760
92701,"927-74",1,1,1,1,1,0,39,1761
92702,"927-74",2,2,0,1,0,1,76,1762
92703,"927-74",2,1,1,1,1,0,66,1763
92704,"927-74",0,0,1,1,0,0,3,1764
92705,"927-74",0,0,1,1,0,0,3,1765
92706,"927-74",0,1,1,2,0,0,15,1766
92707,"927-74",2,1,1,1,1,1,67,1767
93201,"932-75",0,0,1,1,0,1,4,1768
93202,"932-75",0,1,1,1,0,1,13,1769
93203,"932-75",0,0,1,1,1,0,3,1770
93204,"932-75",0,0,1,0,0,0,0,1771
93205,"932-75",0,0,1,1,0,1,4,1772
93206,"932-75",0,0,1,0,1,0,0,1773
93207,"932-75",1,0,1,1,0,2,32,1774
93208,"932-75",2,1,1,2,1,2,71,1775
93209,"932-75",0,1,1,0,1,1,10,1776
93210,"932-75",0,0,1,1,0,1,4,1777
93212,"932-75",0,1,1,0,0,0,9,1778
93213,"932-75",1,1,1,0,0,0,36,1779
93215,"932-75",0,0,1,0,1,1,1,1780
93216,"932-75",0,1,1,0,1,0,9,1781
93217,"932-75",0,0,1,1,0,1,4,1782
93220,"932-75",2,1,1,1,0,0,66,1783
93221,"932-75",0,0,1,0,1,0,0,1784
93222,"932-75",0,0,1,1,0,1,4,1785
93223,"932-75",0,1,1,1,1,1,13,1786
93224,"932-75",2,1,1,1,1,0,66,1787
93225,"932-75",2,2,1,1,1,1,76,1788
93226,"932-75",0,0,1,1,0,0,3,1789
98810,"98-54",1,0,1,0,1,0,27,1790
98811,"98-54",1,2,1,0,1,0,45,1791
98812,"98-54",1,2,1,2,0,1,52,1792
98813,"98-54",2,2,1,1,1,0,75,1793
98814,"98-54",0,1,1,0,0,0,9,1794
98815,"98-54",2,1,1,2,1,0,69,1795
98816,"98-54",2,1,1,1,0,0,66,1796
98817,"98-54",0,0,1,0,0,0,0,1797
98818,"98-54",1,0,1,1,1,0,30,1798
98819,"98-54",0,0,1,0,0,0,0,1799
98820,"98-54",1,1,1,2,0,1,43,1800
98821,"98-54",0,0,1,0,1,0,0,1801
99501,"995-78",2,2,0,0,0,2,74,1802
99502,"995-78",0,1,0,1,0,0,12,1803
99504,"995-78",1,1,0,2,1,0,42,1804
99505,"995-78",0,1,1,0,0,1,10,1805
99506,"995-78",0,1,0,0,0,0,9,1806
99507,"995-78",0,1,0,0,1,0,9,1807
99508,"995-78",1,0,0,1,1,0,30,1808
99509,"995-78",1,1,1,1,0,0,39,1809
99510,"995-78",0,1,0,0,0,1,10,1810
99511,"995-78",0,0,1,2,0,0,6,1811
99512,"995-78",2,1,0,2,0,1,70,1812
99514,"995-78",1,1,0,1,1,0,39,1813
99517,"995-78",2,2,0,2,1,2,80,1814
99518,"995-78",0,1,0,1,1,1,13,1815
99519,"995-78",2,1,0,1,1,1,67,1816
99520,"995-78",1,1,0,1,1,1,40,1817
99521,"995-78",0,1,0,1,0,1,13,1818
99522,"995-78",2,2,0,2,0,2,80,1819
99523,"995-78",2,2,0,2,1,2,80,1820
99601,"996-79",1,1,0,0,0,0,36,1821
99602,"996-79",1,1,0,1,0,1,40,1822
99603,"996-79",0,1,0,0,1,1,10,1823
99604,"996-79",0,1,0,0,1,1,10,1824
99606,"996-79",0,1,0,1,0,2,14,1825
99607,"996-79",1,0,0,0,0,1,28,1826
99608,"996-79",0,0,0,0,1,0,0,1827
99609,"996-79",1,0,0,0,0,0,27,1828
99610,"996-79",0,1,0,2,1,0,15,1829
99611,"996-79",0,0,0,0,0,0,0,1830
99612,"996-79",0,0,0,0,1,0,0,1831
99613,"996-79",0,0,0,0,0,0,0,1832
99614,"996-79",0,1,0,1,1,0,12,1833
99615,"996-79",1,1,0,0,0,0,36,1834
99616,"996-79",0,1,0,0,0,0,9,1835
99617,"996-79",0,1,0,0,0,2,11,1836
99618,"996-79",0,1,0,0,0,1,10,1837
99621,"996-79",0,2,0,0,1,1,19,1838
99622,"996-79",1,1,0,2,0,1,43,1839
99701,"997-80",0,1,0,0,0,0,9,1840
99702,"997-80",0,0,0,0,0,0,0,1841
99704,"997-80",0,0,0,0,0,0,0,1842
99706,"997-80",0,0,0,0,0,0,0,1843
99708,"997-80",0,1,0,0,0,0,9,1844
99710,"997-80",0,0,0,1,1,0,3,1845
99714,"997-80",2,1,0,0,0,1,64,1846
99715,"997-80",0,0,0,0,0,0,0,1847
99718,"997-80",1,1,0,1,0,0,39,1848
99719,"997-80",0,0,0,0,0,0,0,1849
99720,"997-80",0,0,0,1,1,0,3,1850
99721,"997-80",1,1,0,0,0,0,36,1851
99801,"998-81",0,0,0,0,0,0,0,1852
99802,"998-81",0,0,0,0,0,0,0,1853
99803,"998-81",1,0,0,0,0,0,27,1854
99804,"998-81",0,0,0,0,0,0,0,1855
99805,"998-81",0,0,0,0,0,0,0,1856
99806,"998-81",0,0,0,2,0,1,7,1857
99807,"998-81",0,0,0,0,1,0,0,1858
99808,"998-81",0,0,0,0,0,0,0,1859
99809,"998-81",0,0,0,2,1,1,7,1860
99810,"998-81",0,0,0,0,0,0,0,1861
99811,"998-81",0,0,0,0,0,0,0,1862
99812,"998-81",0,0,0,1,0,0,3,1863
99813,"998-81",0,0,0,1,0,1,4,1864
99815,"998-81",2,2,0,1,1,2,77,1865
99816,"998-81",0,0,0,1,0,0,3,1866
99818,"998-81",0,0,0,2,0,0,6,1867
99819,"998-81",0,0,0,1,0,0,3,1868
99820,"998-81",2,2,0,2,1,1,79,1869
99821,"998-81",0,0,0,1,1,1,4,1870
99822,"998-81",0,0,0,2,0,0,6,1871
99823,"998-81",0,0,0,0,0,0,0,1872
99824,"998-81",0,0,0,0,1,0,0,1873
99825,"998-81",0,0,0,0,0,0,0,1874
99901,"999-82",2,2,0,1,0,2,77,1875
99902,"999-82",0,1,0,1,1,2,14,1876
99903,"999-82",0,1,0,0,0,0,9,1877
99904,"999-82",0,1,1,1,0,0,12,1878
99906,"999-82",0,0,0,0,0,1,1,1879
99907,"999-82",0,0,0,0,0,0,0,1880
99908,"999-82",0,1,0,0,1,0,9,1881
99909,"999-82",1,1,0,1,0,2,41,1882
99910,"999-82",0,0,0,0,1,0,0,1883
99911,"999-82",0,0,0,0,0,0,0,1884
99912,"999-82",1,2,0,2,0,2,53,1885
99913,"999-82",1,1,0,0,0,1,37,1886
99914,"999-82",1,1,1,0,0,0,36,1887
99916,"999-82",0,0,0,0,1,0,0,1888
400009,"9-4",2,2,1,1,1,1,76,1889
400015,"100-55",2,2,0,2,1,2,80,1890
400017,"100-55",0,1,0,1,1,1,13,1891
400021,"7001-83",1,2,1,1,1,2,50,1892
400023,"7001-83",1,1,1,0,0,2,38,1893
400024,"7001-83",2,2,1,1,1,2,77,1894
400026,"7001-83",2,2,1,1,0,2,77,1895
400058,"19-9",1,2,1,1,0,2,50,1896
400063,"19-9",0,0,1,0,0,1,1,1897
400072,"22-11",1,1,1,1,1,2,41,1898
400083,"7002-84",2,2,1,1,1,2,77,1899
400090,"23-12",2,2,1,2,1,2,80,1900
400100,"7003-85",1,2,1,1,1,2,50,1901
400102,"7003-85",1,2,1,1,1,1,49,1902
400105,"7003-85",1,2,1,1,1,2,50,1903
400109,"7003-85",1,2,1,1,1,2,50,1904
400110,"7003-85",1,2,1,0,1,1,46,1905
400112,"100-55",2,2,0,2,1,2,80,1906
400113,"7003-85",1,2,0,1,1,2,50,1907
400114,"7003-85",2,2,1,2,0,2,80,1908
400115,"100-55",2,2,0,1,0,2,77,1909
400123,"7003-85",1,2,1,1,0,2,50,1910
400124,"7003-85",0,1,1,1,0,1,13,1911
400126,"7003-85",2,2,0,2,1,2,80,1912
400131,"7003-85",1,2,1,1,0,2,50,1913
400132,"7003-85",2,2,1,0,1,2,74,1914
400134,"7003-85",2,2,1,1,0,1,76,1915
400136,"7003-85",1,1,1,2,1,1,43,1916
400138,"7003-85",2,2,1,2,1,2,80,1917
400139,"7003-85",0,2,1,2,0,2,26,1918
400143,"7003-85",2,2,1,1,1,2,77,1919
400144,"7003-85",1,2,0,1,1,1,49,1920
400164,"60-32",1,2,1,1,1,2,50,1921
400174,"60-32",2,2,1,1,1,2,77,1922
400176,"60-32",2,2,1,0,1,1,73,1923
400183,"60-32",2,2,1,1,1,2,77,1924
400184,"7004-86",0,0,0,2,1,1,7,1925
400192,"7004-86",0,0,1,0,0,1,1,1926
400208,"69-35",2,2,1,2,0,2,80,1927
400228,"69-35",1,2,0,2,1,2,53,1928
400256,"7006-87",2,1,1,1,1,2,68,1929
400260,"7006-87",0,1,1,0,1,0,9,1930
400261,"7006-87",0,0,1,1,1,0,3,1931
400268,"7006-87",1,0,1,0,1,1,28,1932
400272,"7006-87",2,0,0,1,1,1,58,1933
400287,"7006-87",1,1,1,1,0,2,41,1934
400297,"7006-87",0,0,1,0,1,0,0,1935
400304,"3-1",2,2,1,2,1,2,80,1936
400333,"69-36",2,2,1,1,1,2,77,1937
400353,"7007-88",2,2,0,1,1,1,76,1938
400355,"79-39",0,0,1,0,0,0,0,1939
400357,"79-39",2,2,1,1,0,1,76,1940
400390,"79-39",2,2,1,2,1,1,79,1941
400396,"7008-89",2,1,0,2,1,2,71,1942
400400,"7008-89",2,2,1,1,1,2,77,1943
400410,"820-64",1,2,1,2,0,1,52,1944
400418,"820-64",1,2,1,1,1,2,50,1945
400422,"820-64",2,2,1,1,1,0,75,1946
400424,"820-64",1,1,1,1,0,1,40,1947
400427,"820-64",2,2,1,1,1,1,76,1948
400429,"84-45",1,2,1,0,0,2,47,1949
400430,"84-45",0,2,1,0,1,2,20,1950
400431,"84-45",0,2,1,1,1,2,23,1951
400473,"87-46",1,1,1,0,0,1,37,1952
400476,"87-46",2,1,1,2,1,1,70,1953
400563,"91-50",2,1,1,0,0,1,64,1954
400567,"91-50",2,2,1,1,0,2,77,1955
400595,"89-48",2,2,1,2,1,1,79,1956
400604,"960-77",2,2,1,1,1,2,77,1957
400606,"960-77",2,2,1,2,1,2,80,1958
400609,"960-77",2,1,1,1,1,2,68,1959
400613,"960-77",2,2,1,2,1,2,80,1960
400624,"960-77",1,1,1,1,1,2,41,1961
400627,"960-77",2,2,1,1,1,2,77,1962
400640,"960-77",2,2,1,0,1,1,73,1963
400647,"41-20",1,2,1,2,1,2,53,1964
400823,"998-81",2,2,1,1,1,2,77,1965
400846,"34-17",2,2,1,1,1,2,77,1966
400850,"34-17",2,1,1,2,1,1,70,1967
400852,"34-17",1,0,1,2,1,2,35,1968
400858,"34-17",2,0,1,2,1,1,61,1969
400866,"34-17",1,1,1,0,0,0,36,1970
400872,"505-61",1,2,1,2,0,2,53,1971
400874,"505-61",2,2,1,1,1,2,77,1972
400875,"505-61",1,1,1,2,0,2,44,1973
400877,"505-61",0,2,1,0,1,1,19,1974
400894,"51-26",2,2,1,1,1,2,77,1975
400898,"51-26",1,0,1,0,0,0,27,1976
400911,"51-26",1,1,1,1,0,0,39,1977
400926,"40-19",0,1,1,1,1,1,13,1978
403301,"33-16",2,2,1,1,1,2,77,1979
403609,"36-18",1,1,0,0,1,1,37,1980
403619,"36-18",2,1,0,2,1,2,71,1981
403625,"36-18",1,1,0,2,0,1,43,1982
403626,"36-18",2,2,0,1,1,2,77,1983
403627,"36-18",2,2,0,2,1,2,80,1984
403628,"36-18",0,2,0,0,0,2,20,1985
403629,"36-18",2,2,0,1,1,2,77,1986
403630,"36-18",2,1,0,2,1,2,71,1987
403633,"36-18",1,1,0,1,0,2,41,1988
403639,"36-18",2,2,0,2,1,1,79,1989
403643,"36-18",2,2,1,1,1,1,76,1990
403644,"36-18",2,1,0,2,0,2,71,1991
404503,"45-22",2,0,1,2,0,2,62,1992
404505,"45-22",2,1,1,2,1,2,71,1993
404506,"45-22",2,2,1,2,1,2,80,1994
404712,"47-23",2,2,0,1,1,2,77,1995
405115,"51-25",2,2,0,1,1,2,77,1996
405128,"51-25",2,2,1,1,1,2,77,1997
405147,"51-25",2,2,0,2,1,2,80,1998
405159,"51-25",2,2,0,2,1,2,80,1999
405301,"53-27",0,2,1,1,0,2,23,2000
405621,"56-29",2,2,1,1,1,2,77,2001
406208,"62-33",0,0,1,0,0,0,0,2002
406209,"62-33",1,1,1,0,0,1,37,2003
407615,"76-38",2,2,1,1,1,2,77,2004
408002,"80-41",1,0,1,1,0,2,32,2005
408004,"80-41",1,2,1,2,1,2,53,2006
408221,"82-44",1,2,1,0,1,2,47,2007
408238,"82-44",2,2,1,2,1,2,80,2008
408240,"82-44",1,1,1,1,0,2,41,2009
410103,"10-6",1,2,0,2,1,2,53,2010
410115,"10-6",2,2,0,1,0,2,77,2011
410128,"10-6",0,1,0,0,1,1,10,2012
410202,"10-6",2,2,0,2,1,2,80,2013
410204,"10-6",1,2,0,1,1,2,50,2014
410206,"10-6",0,1,0,2,1,2,17,2015
410316,"10-6",1,2,0,2,1,2,53,2016
410321,"10-6",2,2,0,2,0,2,80,2017
411216,"112-56",2,0,1,1,0,0,57,2018
411221,"112-56",2,2,1,1,0,2,77,2019
411223,"112-56",2,2,1,2,1,1,79,2020
412418,"124-57",0,0,1,0,1,1,1,2021
412420,"124-57",1,0,1,1,1,2,32,2022
412513,"125-58",2,2,1,2,1,2,80,2023
412523,"125-58",2,1,1,0,1,2,65,2024
420111,"20-10",1,1,0,1,1,2,41,2025
420113,"20-10",2,2,0,2,1,2,80,2026
420114,"20-10",1,2,0,1,0,1,49,2027
430108,"30-14",1,2,0,1,1,2,50,2028
430111,"30-14",2,2,0,1,1,2,77,2029
450105,"50-24",2,2,0,2,1,2,80,2030
450106,"50-24",1,1,1,1,1,1,40,2031
450107,"50-24",2,1,1,2,1,1,70,2032
450303,"50-24",2,2,1,1,1,1,76,2033
450403,"50-24",0,1,1,1,1,1,13,2034
450501,"50-24",2,2,1,1,0,1,76,2035
450603,"50-24",2,1,0,1,1,2,68,2036
450609,"50-24",0,0,1,1,1,0,3,2037
450611,"50-24",2,1,0,1,1,0,66,2038
450706,"50-24",2,1,0,1,0,2,68,2039
450707,"50-24",2,2,0,1,1,1,76,2040
450712,"50-24",2,0,1,2,1,2,62,2041
450806,"50-24",0,1,0,2,1,2,17,2042
450818,"50-24",2,2,1,2,1,1,79,2043
460132,"60-32",2,1,0,0,1,1,64,2044
470102,"70-37",1,2,0,1,1,1,49,2045
470103,"70-37",2,2,0,2,0,2,80,2046
470106,"70-37",2,2,0,2,1,2,80,2047
470110,"70-37",1,1,0,0,1,1,37,2048
470115,"70-37",2,2,0,1,1,1,76,2049
470121,"70-37",1,2,0,1,0,2,50,2050
470122,"70-37",1,2,0,2,1,2,53,2051
470124,"70-37",2,1,0,2,1,0,69,2052
480205,"80-42",2,1,0,2,0,2,71,2053
480211,"80-42",1,1,0,2,0,1,43,2054
480213,"80-42",1,1,0,1,1,1,40,2055
480302,"80-42",1,2,0,2,0,2,53,2056
480308,"80-42",1,2,0,2,1,2,53,2057
480327,"80-42",2,2,0,2,1,2,80,2058
490117,"90-49",2,2,0,1,1,2,77,2059
490215,"902-66",1,2,1,0,0,2,47,2060
490219,"90-49",1,2,0,2,0,2,53,2061
490505,"90-49",1,1,0,0,0,1,37,2062
490603,"90-49",2,1,0,0,1,1,64,2063
490607,"90-49",1,1,1,0,0,1,37,2064
490710,"90-49",0,2,0,1,1,1,22,2065
490805,"90-49",2,1,1,1,0,2,68,2066
491013,"910-67",1,1,1,0,1,1,37,2067
491242,"912-68",2,2,1,1,0,2,77,2068
491917,"919-69",2,2,1,0,0,1,73,2069
492008,"920-70",0,1,1,0,1,1,10,2070
492221,"922-71",2,2,1,1,1,2,77,2071
492225,"922-71",1,2,1,1,1,2,50,2072
492314,"923-72",2,2,0,1,1,2,77,2073
493211,"932-75",0,1,1,2,1,0,15,2074
493214,"932-75",2,1,1,1,1,2,68,2075
493219,"932-75",2,1,1,0,1,2,65,2076
499605,"996-79",1,1,0,0,1,2,38,2077
499619,"996-79",1,2,0,1,1,1,49,2078
499620,"996-79",1,1,0,1,0,2,41,2079
499623,"996-79",2,1,0,1,1,2,68,2080
499716,"997-80",1,1,0,1,1,1,40,2081
499814,"998-81",0,1,0,2,1,2,17,2082
499817,"998-81",2,2,0,2,1,2,80,2083
960808,"960-77",1,0,1,1,0,0,30,2084
960809,"960-77",1,1,1,1,0,1,40,2085
